<?xml version='1.0' encoding='UTF-8'?>
<shortcuts>
	<shortcut>
		<defaultID>plugin.video.tvchopo</defaultID>
		<label>[B][COLOR white]Tv[COLOR gold]chopo[/B][/COLOR]</label>
		<label2>Complemento de Vídeo</label2>
		<icon>DefaultShortcut.png</icon>
		<thumb>image://C%3a%5cUsers%5cjosec%5cAppData%5cRoaming%5cKodi%5caddons%5cplugin.video.tvchopo%5cicon.gif/</thumb>
		<action>ActivateWindow(Videos,"plugin://plugin.video.tvchopo",return)</action>
	</shortcut>
	<shortcut>
		<defaultID>plugin.video.Tvchopo.Kids</defaultID>
		<label>[B][COLOR white]TVCHOPO[COLOR gold]KIDS[/B][/COLOR]</label>
		<label2>Complemento de Vídeo</label2>
		<icon>DefaultShortcut.png</icon>
		<thumb>image://C%3a%5cUsers%5cjosec%5cAppData%5cRoaming%5cKodi%5caddons%5cplugin.video.Tvchopo.Kids%5cicon.gif/</thumb>
		<action>ActivateWindow(Videos,"plugin://plugin.video.Tvchopo.Kids",return)</action>
	</shortcut>
	<shortcut>
		<defaultID>plugin.video.chopocine</defaultID>
		<label>[B][COLOR white]CHOPO[COLOR gold]CINE[/COLOR][/B]</label>
		<label2>Complemento de Vídeo</label2>
		<icon>DefaultShortcut.png</icon>
		<thumb>image://C%3a%5cUsers%5cjosec%5cAppData%5cRoaming%5cKodi%5caddons%5cplugin.video.chopocine%5cicon.gif/</thumb>
		<action>ActivateWindow(Videos,"plugin://plugin.video.chopocine",return)</action>
	</shortcut>
	<shortcut>
		<defaultID>plugin.video.choposeries</defaultID>
		<label>[B][COLOR white]CHOPO[COLOR gold]SERIES[/COLOR][/B]</label>
		<label2>Complemento de Vídeo</label2>
		<icon>DefaultShortcut.png</icon>
		<thumb>image://C%3a%5cUsers%5cjosec%5cAppData%5cRoaming%5cKodi%5caddons%5cplugin.video.choposeries%5cicon.gif/</thumb>
		<action>ActivateWindow(Videos,"plugin://plugin.video.choposeries",return)</action>
	</shortcut>
	<shortcut>
		<defaultID>plugin.video.mitelechopo</defaultID>
		<label>[B][COLOR white]mitele[COLOR gold] chopo[/COLOR][/B]</label>
		<label2>Complemento de Vídeo</label2>
		<icon>DefaultShortcut.png</icon>
		<thumb>image://C%3a%5cUsers%5cjosec%5cAppData%5cRoaming%5cKodi%5caddons%5cplugin.video.mitelechopo%5cicon.gif/</thumb>
		<action>ActivateWindow(Videos,"plugin://plugin.video.mitelechopo",return)</action>
	</shortcut>
	<shortcut>
		<defaultID>plugin.video.chopodplay</defaultID>
		<label>[B][COLOR white]CHOPO[COLOR gold]DPLAY[/COLOR][/B]</label>
		<label2>Complemento de Vídeo</label2>
		<icon>DefaultShortcut.png</icon>
		<thumb>image://C%3a%5cUsers%5cjosec%5cAppData%5cRoaming%5cKodi%5caddons%5cplugin.video.chopodplay%5cicon.gif/</thumb>
		<action>ActivateWindow(Videos,"plugin://plugin.video.chopodplay",return)</action>
	</shortcut>
	<shortcut>
		<defaultID>plugin.video.atresplayerchopo</defaultID>
		<label>[B][COLOR white]atresplayer[COLOR gold] tvchopo [/B][/COLOR]</label>
		<label2>Complemento de Vídeo</label2>
		<icon>DefaultShortcut.png</icon>
		<thumb>image://C%3a%5cUsers%5cjosec%5cAppData%5cRoaming%5cKodi%5caddons%5cplugin.video.atresplayerchopo%5cicon.gif/</thumb>
		<action>ActivateWindow(Videos,"plugin://plugin.video.atresplayerchopo",return)</action>
	</shortcut>
	<shortcut>
		<defaultID>plugin.video.choposex</defaultID>
		<label>[B][COLOR white]CHOPO[COLOR fuchsia]SEX[/COLOR][/B]</label>
		<label2>Complemento de Vídeo</label2>
		<icon>DefaultShortcut.png</icon>
		<thumb>image://C%3a%5cUsers%5cjosec%5cAppData%5cRoaming%5cKodi%5caddons%5cplugin.video.choposex%5cicon.gif/</thumb>
		<action>ActivateWindow(Videos,"plugin://plugin.video.choposex",return)</action>
	</shortcut>
	<shortcut>
		<defaultID>1037</defaultID>
		<label>[B][LOWERCASE][CAPITALIZE][COLOR aqua]addons de videos[/COLOR][/CAPITALIZE][/LOWERCASE][/B]</label>
		<label2>Add-ons de vídeo</label2>
		<icon>DefaultAddonVideo.png</icon>
		<thumb />
		<action>ActivateWindow(Videos,Addons,return)</action>
	</shortcut>
</shortcuts>
