<?xml version='1.0' encoding='UTF-8'?>
<shortcuts>
	<shortcut>
		<defaultID>plugin.video.mitelechopo</defaultID>
		<label>[B][COLOR white]mitele[COLOR gold] chopo[/COLOR][/B]</label>
		<label2>Complemento de Vídeo</label2>
		<icon>DefaultShortcut.png</icon>
		<thumb>image://C%3a%5cUsers%5cjosec%5cAppData%5cRoaming%5cKodi%5caddons%5cplugin.video.mitelechopo%5cicon.gif/</thumb>
		<action>ActivateWindow(Videos,"plugin://plugin.video.mitelechopo",return)</action>
	</shortcut>
	<shortcut>
		<defaultID>plugin.video.chopodplay</defaultID>
		<label>[B][COLOR white]CHOPO[COLOR gold]DPLAY[/COLOR][/B]</label>
		<label2>Complemento de Vídeo</label2>
		<icon>DefaultShortcut.png</icon>
		<thumb>image://C%3a%5cUsers%5cjosec%5cAppData%5cRoaming%5cKodi%5caddons%5cplugin.video.chopodplay%5cicon.gif/</thumb>
		<action>ActivateWindow(Videos,"plugin://plugin.video.chopodplay",return)</action>
	</shortcut>
	<shortcut>
		<defaultID>plugin.video.atresplayerchopo</defaultID>
		<label>[B][LOWERCASE][CAPITALIZE][COLOR white]atresplayer[COLOR gold] tvchopo [/CAPITALIZE][/LOWERCASE][/B][/COLOR]</label>
		<label2>Complemento de Vídeo</label2>
		<icon>DefaultShortcut.png</icon>
		<thumb>image://C%3a%5cUsers%5cjosec%5cAppData%5cRoaming%5cKodi%5caddons%5cplugin.video.atresplayerchopo%5cicon.gif/</thumb>
		<action>ActivateWindow(Videos,"plugin://plugin.video.atresplayerchopo",return)</action>
	</shortcut>
	<shortcut>
		<defaultID />
		<label>[B][LOWERCASE][CAPITALIZE][COLOR white] tve [COLOR gold]a la carta [/COLOR][/CAPITALIZE][/LOWERCASE][/B]</label>
		<label2>Complemento de Vídeo</label2>
		<icon>DefaultShortcut.png</icon>
		<thumb>image://https%3a%2f%2fimages-na.ssl-images-amazon.com%2fimages%2fI%2f516rC6urOwL.png/</thumb>
		<action>ActivateWindow(Videos,"plugin://plugin.video.tvchopo/?url=https%3A%2F%2Fpastebin.com%2Fraw%2FyCwtbmq3%24%24LSProEncKey%3Drtve%24%24&amp;mode=1&amp;name=%5BB%5D%5BLOWERCASE%5D%5BCAPITALIZE%5D%5BCOLOR+white%5D+tve+%5BCOLOR+gold%5Da+la+carta+%5B%2FCOLOR%5D%5B%2FCAPITALIZE%5D%5B%2FLOWERCASE%5D%5B%2FB%5D&amp;fanart=https%3A%2F%2Fimages-na.ssl-images-amazon.com%2Fimages%2FI%2F516rC6urOwL.png",return)</action>
	</shortcut>
	<shortcut>
		<defaultID />
		<label>[B][LOWERCASE][CAPITALIZE][COLOR white] mtmad.es [COLOR gold]a la carta[/CAPITALIZE][/LOWERCASE][/B][/COLOR]</label>
		<label2>Complemento de Vídeo</label2>
		<icon>DefaultShortcut.png</icon>
		<thumb>image://https%3a%2f%2fencrypted-tbn0.gstatic.com%2fimages%3fq%3dtbn%253AANd9GcTeFNG7mMNxumlkCQyA08FIcM5P4I7xV7tR7PAHPHmIk2EO-Jv6/</thumb>
		<action>ActivateWindow(Videos,"plugin://plugin.video.tvchopo/?url=https%3A%2F%2Fpastebin.com%2Fraw%2F3wn7yL9E&amp;mode=1&amp;name=%5BB%5D%5BLOWERCASE%5D%5BCAPITALIZE%5D%5BCOLOR+white%5D+mtmad.es+%5BCOLOR+gold%5Da+la+carta%5B%2FCAPITALIZE%5D%5B%2FLOWERCASE%5D%5B%2FB%5D%5B%2FCOLOR%5D&amp;fanart=https%3A%2F%2Falbum.mediaset.es%2Feimg%2F2018%2F12%2F05%2FAPzCG9sMS4ngSIKfehkZP.jpg",return)</action>
	</shortcut>
	<shortcut>
		<defaultID />
		<label>[B][LOWERCASE][CAPITALIZE][COLOR white] Canal Sur  [COLOR gold]a la Carta[/CAPITALIZE][/LOWERCASE][/B][/COLOR]</label>
		<label2>Complemento de Vídeo</label2>
		<icon>DefaultShortcut.png</icon>
		<thumb>image://https%3a%2f%2fcdn.sincroguia.tv%2fuploads%2fimages%2fc%2fa%2fn%2fxcanalsur.jpg.pagespeed.ic.SEnFsMsmHV.jpg/</thumb>
		<action>ActivateWindow(Videos,"plugin://plugin.video.tvchopo/?url=%24doregex%5Bmakelist5%5D&amp;mode=17&amp;regexs=%7Bu%27makelist5%27%3A%20%7B%27cookiejar%27%3A%20%27%27%2C%20%27name%27%3A%20u%27makelist5%27%2C%20%27listrepeat%27%3A%20u%27%5Cr%5Cn%20%20%3Ctitle%3E%5BB%5D%5BLOWERCASE%5D%5BCAPITALIZE%5D%5B/CAPITALIZE%5D%5BCOLOR%20white%5D%5Bmakelist5.param2%5D%5B/LOWERCASE%5D%5B/B%5D%5B/COLOR%5D%3C/title%3E%5Cr%5Cn%3Cthumbnail%3E%5Bmakelist5.param3%5D%3C/thumbnail%3E%5Cr%5Cn%3Cfanart%3E%5Bmakelist5.param3%5D%3C/fanart%3E%5Cr%5Cn%3Clink%3E%24doregex%5Bmakelist8%5D%3C/link%3E%5Cr%5Cn%27%2C%20%27agent%27%3A%20u%27Mozilla/5.0%20%28Windows%20NT%2010.0%29%20AppleWebKit/537.36%20%28KHTML%2C%20like%20Gecko%29%20Chrome/80.0.3987.163%20Safari/537.36%27%2C%20%27expres%27%3A%20u%27%23%24pyFunction%5Cr%5Cnimport%20re%2Crequests%5Cr%5Cndef%20GetLSProData%28page_data%2CCookie_Jar%2Cm%29%3A%5Cr%5Cn%20%20count%3D5%3Bpn%3D1%3Bdata%3D%5B%5D%5Cr%5Cn%20%20while%20pn%20%3C%3D%20int%28count%29%3A%5Cr%5Cn%20%20%20%20%20page%3D%5C%27http%3A//www.canalsur.es/programas_tv.html%3Fpagina%3D%5C%27%2Bstr%28pn%29%3Bsource%3Drequests.get%28page%29.content.decode%28%5C%27ascii%5C%27%2C%5C%27ignore%5C%27%29%5Cr%5Cn%20%20%20%20%20data%20%2B%3Dre.findall%28%5C%27%28%3Fs%29col-sm-4%20col-md-4%22%3E.%2A%3Fhref%3D%22%28.%2A%3F%29%22.%2A%3Falt%3D%22%28.%2A%3F%29%22.%2A%3Fsrc%3D%5C%5C%5C%27%28.%2A%3F%29%5C%5C%5C%27%5C%27%2Csource%29%3Bpn%20%2B%3D1%5Cr%5Cn%20%20return%20data%5Cr%5Cn%20%20%27%2C%20%27page%27%3A%20None%7D%2C%20u%27makelist8%27%3A%20%7B%27x-req%27%3A%20u%27XMLHttpRequest%27%2C%20%27name%27%3A%20u%27makelist8%27%2C%20%27listrepeat%27%3A%20u%27%5Cr%5Cn%20%20%3Ctitle%3E%5BB%5D%5BLOWERCASE%5D%5BCAPITALIZE%5D%5BCOLOR%20white%5D%5Bmakelist8.param2%5D%20%5BCOLOR%20gold%5D%5Bmakelist8.param3%5D%5B/CAPITALIZE%5D%5B/LOWERCASE%5D%5B/B%5D%5B/COLOR%5D%3C/title%3E%5Cr%5Cn%3Cthumbnail%3E%5Bmakelist8.param1%5D%3C/thumbnail%3E%5Cr%5Cn%3Cfanart%3E%5Bmakelist8.param1%5D%3C/fanart%3E%5Cr%5Cn%3Cinfo%3E%5Bmakelist8.param4%5D%3C/info%3E%5Cr%5Cn%3Clink%3E%5Bmakelist8.param5%5D%3C/link%3E%5Cr%5Cn%27%2C%20%27accept%27%3A%20u%27%2A/%2A%27%2C%20%27expres%27%3A%20u%27%28%3Fs%29hidden%3B%22%20onclick%3D%22%22%3E.%2A%3Fhref%3D%22.%2A%3F%22.%2A%3Fsrc%3D%22%28.%2A%3F%29%22.%2A%3Fclass%3D%22titulo%22%3E%28.%2A%3F%29%3C.%2A%3Fb%3E%3Csmall%3E%28.%2A%3F%29%3C.%2A%3Fhidden%3B%22%3E%28.%2A%3F%29%3C.%2A%3Fnone%3B%22%3E%28.%2A%3F%29%3C.%2A%3F%27%2C%20%27agent%27%3A%20u%27Mozilla/5.0%20%28Windows%20NT%2010.0%29%20AppleWebKit/537.36%20%28KHTML%2C%20like%20Gecko%29%20Chrome/80.0.3987.163%20Safari/537.36%27%2C%20%27page%27%3A%20u%27%5Bmakelist5.param1%5D%27%7D%7D&amp;iconimage=https%3A%2F%2Fcdn.sincroguia.tv%2Fuploads%2Fimages%2Fc%2Fa%2Fn%2Fxcanalsur.jpg.pagespeed.ic.SEnFsMsmHV.jpg",return)</action>
	</shortcut>
	<shortcut>
		<defaultID />
		<label>[B][LOWERCASE][CAPITALIZE][COLOR white] telemadrid [COLOR gold]a la carta[/CAPITALIZE][/LOWERCASE][/B][/COLOR]</label>
		<label2>Complemento de Vídeo</label2>
		<icon>DefaultShortcut.png</icon>
		<thumb>image://https%3a%2f%2fwww.ampadiegomtorrero.com%2fwp-content%2fuploads%2f2019%2f01%2ftelemadrid.png/</thumb>
		<action>ActivateWindow(Videos,"plugin://plugin.video.tvchopo/?url=%24doregex%5Bmakelist7%5D&amp;mode=17&amp;regexs=%7Bu%27makelist7%27%3A%20%7B%27x-req%27%3A%20u%27XMLHttpRequest%27%2C%20%27name%27%3A%20u%27makelist7%27%2C%20%27listrepeat%27%3A%20u%27%5Cr%5Cn%20%20%3Ctitle%3E%5BB%5D%5BLOWERCASE%5D%5BCAPITALIZE%5D%5BCOLOR%20white%5D%5Bmakelist7.param2%5D%5B/CAPITALIZE%5D%5B/LOWERCASE%5D%5B/B%5D%5B/COLOR%5D%3C/title%3E%5Cr%5Cn%3Cthumbnail%3E%5Bmakelist8.param1%5D%3C/thumbnail%3E%5Cr%5Cn%3Cfanart%3E%5Bmakelist8.param1%5D%3C/fanart%3E%5Cr%5Cn%3Clink%3E%24doregex%5Bmakelist8%5D%3C/link%3E%5Cr%5Cn%27%2C%20%27accept%27%3A%20u%27%2A/%2A%27%2C%20%27expres%27%3A%20u%27%28%3Fs%29class%3D%22section-header%22%3E.%2A%3Fsection-header__title%20%20%22%20style%3D%22background.%2A%3Fhref%3D%22%28.%2A%3F%29%22.%2A%3F%3Cspan%3E%28.%2A%3F%29%3C.%2A%3F%27%2C%20%27agent%27%3A%20u%27Mozilla/5.0%20%28Windows%20NT%2010.0%29%20AppleWebKit/537.36%20%28KHTML%2C%20like%20Gecko%29%20Chrome/80.0.3987.163%20Safari/537.36%27%2C%20%27page%27%3A%20u%27http%3A//www.telemadrid.es/programas/%27%7D%2C%20u%27makelist5%27%3A%20%7B%27expres%27%3A%20u%27data-video-id%3D%22%28.%2A%3F%29%22%27%2C%20%27cookiejar%27%3A%20%27%27%2C%20%27name%27%3A%20u%27makelist5%27%2C%20%27agent%27%3A%20u%27Mozilla/5.0%20%28Windows%20NT%2010.0%29%20AppleWebKit/537.36%20%28KHTML%2C%20like%20Gecko%29%20Chrome/80.0.3987.163%20Safari/537.36%27%2C%20%27page%27%3A%20u%27http%3A//www.telemadrid.es%5Bmakelist8.param3%5D%27%7D%2C%20u%27categorias%27%3A%20%7B%27expres%27%3A%20u%22%23%24pyFunction%5Cr%5Cndef%20GetLSProData%28page_data%2CCookie_Jar%2Cm%29%3A%5Cr%5Cn%20import%20xbmcgui%5Cr%5Cn%20dialog%20%3D%20xbmcgui.Dialog%28%29%5Cr%5Cn%20ret%20%3D%20dialog.select%28%27%5BB%5D%5BLOWERCASE%5D%5BCAPITALIZE%5D%5BCOLOR%20lightsalmon%5Delige%20una%20pagina%5B/COLOR%5D%5B/CAPITALIZE%5D%5B/LOWERCASE%5D%5B/B%5D%27%2C%20%5B%27%5BB%5D%5BLOWERCASE%5D%5BCAPITALIZE%5D%5BCOLOR%20aqua%5Dpagina%201%5B/COLOR%5D%5B/CAPITALIZE%5D%5B/LOWERCASE%5D%5B/B%5D%27%2C%20%27%5BB%5D%5BLOWERCASE%5D%5BCAPITALIZE%5D%5BCOLOR%20aquamarine%5Dpagina%202%5B/COLOR%5D%5B/CAPITALIZE%5D%5B/LOWERCASE%5D%5B/B%5D%27%2C%20%27%5BB%5D%5BLOWERCASE%5D%5BCAPITALIZE%5D%5BCOLOR%20aquamarine%5Dpagina%203%5B/COLOR%5D%5B/CAPITALIZE%5D%5B/LOWERCASE%5D%5B/B%5D%27%2C%20%27%5BB%5D%5BLOWERCASE%5D%5BCAPITALIZE%5D%5BCOLOR%20aquamarine%5Dpagina%204%5B/COLOR%5D%5B/CAPITALIZE%5D%5B/LOWERCASE%5D%5B/B%5D%27%2C%20%27%5BB%5D%5BLOWERCASE%5D%5BCAPITALIZE%5D%5BCOLOR%20aquamarine%5Dpagina%205%5B/COLOR%5D%5B/CAPITALIZE%5D%5B/LOWERCASE%5D%5B/B%5D%27%2C%20%27%5BB%5D%5BLOWERCASE%5D%5BCAPITALIZE%5D%5BCOLOR%20aquamarine%5Dpagina%206%5B/COLOR%5D%5B/CAPITALIZE%5D%5B/LOWERCASE%5D%5B/B%5D%27%2C%20%27%5BB%5D%5BLOWERCASE%5D%5BCAPITALIZE%5D%5BCOLOR%20aquamarine%5Dpagina%207%5B/COLOR%5D%5B/CAPITALIZE%5D%5B/LOWERCASE%5D%5B/B%5D%27%2C%20%27%5BB%5D%5BLOWERCASE%5D%5BCAPITALIZE%5D%5BCOLOR%20aquamarine%5Dpagina%208%5B/COLOR%5D%5B/CAPITALIZE%5D%5B/LOWERCASE%5D%5B/B%5D%27%5D%29%5Cr%5Cn%20lists%20%3D%20%5B%275%3Bpn%3D1%27%2C%2710%3Bpn%3D6%27%2C%2715%3Bpn%3D11%27%2C%2721%3Bpn%3D16%27%2C%2727%3Bpn%3D22%27%2C%2733%3Bpn%3D28%27%2C%2740%3Bpn%3D34%27%2C%2746%3Bpn%3D41%27%2C%2750%3Bpn%3D47%27%5D%5Cr%5Cn%20return%20lists%5Bret%5D%5Cr%5Cn%22%2C%20%27name%27%3A%20u%27categorias%27%2C%20%27agent%27%3A%20u%27Mozilla/5.0%20%28Windows%20NT%2010.0%29%20AppleWebKit/537.36%20%28KHTML%2C%20like%20Gecko%29%20Chrome/80.0.3987.163%20Safari/537.36%27%2C%20%27page%27%3A%20None%7D%2C%20u%27makelist8%27%3A%20%7B%27x-req%27%3A%20u%27XMLHttpRequest%27%2C%20%27name%27%3A%20u%27makelist8%27%2C%20%27listrepeat%27%3A%20u%27%5Cr%5Cn%20%20%3Ctitle%3E%5BB%5D%5BLOWERCASE%5D%5BCAPITALIZE%5D%5BCOLOR%20white%5D%5Bmakelist8.param2%5D%5B/CAPITALIZE%5D%5B/LOWERCASE%5D%5B/B%5D%5B/COLOR%5D%3C/title%3E%5Cr%5Cn%3Cthumbnail%3E%5Bmakelist8.param1%5D%3C/thumbnail%3E%5Cr%5Cn%3Cfanart%3E%5Bmakelist8.param1%5D%3C/fanart%3E%5Cr%5Cn%3Clink%3Ehttp%3A//c.brightcove.com/services/mobile/streaming/index/master.m3u8%3FvideoId%3D%24doregex%5Bmakelist5%5D%3C/link%3E%5Cr%5Cn%27%2C%20%27accept%27%3A%20u%27%2A/%2A%27%2C%20%27expres%27%3A%20u%27%23%24pyFunction%5Cr%5Cnimport%20re%2Crequests%5Cr%5Cndef%20GetLSProData%28page_data%2CCookie_Jar%2Cm%29%3A%5Cr%5Cn%20%20count%3D%24doregex%5Bcategorias%5D%3Bdata%3D%5B%5D%5Cr%5Cn%20%20while%20pn%20%3C%3D%20int%28count%29%3A%5Cr%5Cn%20%20%20%20%20page%3D%5C%27%5Bmakelist7.param1%5D%5C%27%2B%5C%27programas-completos/%3Fpage%3D%5C%27%2Bstr%28pn%29%3Bsource%3Drequests.get%28page%29.content.decode%28%5C%27ascii%5C%27%2C%5C%27ignore%5C%27%29%5Cr%5Cn%20%20%20%20%20data%20%2B%3Dre.findall%28%5C%27%28%3Fs%29class%3D%22media-image%22%20%20itemscope.%2A%3Fclass%3D%22photo%22.%2A%3Fsrc%3D%22%28.%2A%3F%29%22.%2A%3Falt%3D%22%28.%2A%3F%29%22.%2A%3Foop-link%22%20href%3D%22%28.%2A%3F%29%22.%2A%3F%5C%27%2Csource%29%3Bpn%20%2B%3D1%5Cr%5Cn%20%20return%20data%5Cr%5Cn%20%20%27%2C%20%27agent%27%3A%20u%27Mozilla/5.0%20%28Windows%20NT%2010.0%29%20AppleWebKit/537.36%20%28KHTML%2C%20like%20Gecko%29%20Chrome/80.0.3987.163%20Safari/537.36%27%2C%20%27page%27%3A%20None%7D%7D&amp;iconimage=https%3A%2F%2Fwww.ampadiegomtorrero.com%2Fwp-content%2Fuploads%2F2019%2F01%2Ftelemadrid.png",return)</action>
	</shortcut>
	<shortcut>
		<defaultID />
		<label>[B][LOWERCASE][CAPITALIZE][COLOR white] tv3 a la  [COLOR gold]carta[/CAPITALIZE][/LOWERCASE][/B][/COLOR]</label>
		<label2>Complemento de Vídeo</label2>
		<icon>DefaultShortcut.png</icon>
		<thumb>image://https%3a%2f%2fpremiscactus.com%2fwp-content%2fuploads%2flogo-tv3-a-la-carta-blanc.jpg/</thumb>
		<action>ActivateWindow(Videos,"plugin://plugin.video.tvchopo/?url=https%3A%2F%2Fpastebin.com%2Fraw%2FZypasw0B&amp;mode=1&amp;name=%5BB%5D%5BLOWERCASE%5D%5BCAPITALIZE%5D%5BCOLOR+white%5D+tv3+a+la++%5BCOLOR+gold%5Dcarta%5B%2FCAPITALIZE%5D%5B%2FLOWERCASE%5D%5B%2FB%5D%5B%2FCOLOR%5D&amp;fanart=https%3A%2F%2Fpremiscactus.com%2Fwp-content%2Fuploads%2Flogo-tv3-a-la-carta-blanc.jpg",return)</action>
	</shortcut>
	<shortcut>
		<defaultID />
		<label>[B][LOWERCASE][CAPITALIZE][COLOR white] Navarra Television   [COLOR gold]a la carta[/CAPITALIZE][/LOWERCASE][/B][/COLOR]</label>
		<label2>Complemento de Vídeo</label2>
		<icon>DefaultShortcut.png</icon>
		<thumb>image://https%3a%2f%2fmedia.tvalacarta.info%2fcanales%2f256x256%2fnavarratv.png/</thumb>
		<action>ActivateWindow(Videos,"plugin://plugin.video.tvchopo/?url=%24doregex%5Bmakelist5%5D&amp;mode=17&amp;regexs=%7Bu%27torete9%27%3A%20%7B%27x-req%27%3A%20u%27XMLHttpRequest%27%2C%20%27name%27%3A%20u%27torete9%27%2C%20%27agent%27%3A%20u%27Mozilla/5.0%20%28Windows%20NT%2010.0%29%20AppleWebKit/537.36%20%28KHTML%2C%20like%20Gecko%29%20Chrome/80.0.3987.163%20Safari/537.36%27%2C%20%27expres%27%3A%20u%27src%3D%22%28https%3A//www.youtube.com/.%2A%3F%29%22%27%2C%20%27accept%27%3A%20u%27%2A/%2A%27%2C%20%27page%27%3A%20u%27https%3A//www.natv.es%5Btorete.param2%5D%27%7D%2C%20u%27makelist5%27%3A%20%7B%27x-req%27%3A%20u%27XMLHttpRequest%27%2C%20%27name%27%3A%20u%27makelist5%27%2C%20%27listrepeat%27%3A%20u%27%5Cr%5Cn%3CSetViewMode%3E502%3C/SetViewMode%3E%5Cr%5Cn%3Ctitle%3E%5BB%5D%5BLOWERCASE%5D%5BCAPITALIZE%5D%5BCOLOR%20white%5D%5Bmakelist5.param3%5D%5B/CAPITALIZE%5D%5B/LOWERCASE%5D%5B/B%5D%5B/COLOR%5D%3C/title%3E%5Cr%5Cn%3Clink%3E%24doregex%5Btorete%5D%3C/link%3E%5Cr%5Cn%3Cthumbnail%3Ehttps%3A//www.natv.es%5Bmakelist5.param1%5D%3C/thumbnail%3E%5Cr%5Cn%3Cfanart%3Ehttps%3A//www.natv.es%5Bmakelist5.param1%5D%3C/fanart%3E%5Cr%5Cn%3Cinfo%3E%24doregex%5Binfor%5D%3C/info%3E%5Cr%5Cn%27%2C%20%27accept%27%3A%20u%27%2A/%2A%27%2C%20%27expres%27%3A%20u%27%28%3Fs%29W50%20H120%20FranjaRoja.%2A%3Fmage%3A%20url.%5C%27%28.%2A%3F%29%5C%27.%2A%3Flocation.href%3D%5C%27%28.%2A%3F%29%5C%27.%2A%3F%22TextoNeutro%22%3E%28.%2A%3F%29%3C%27%2C%20%27agent%27%3A%20u%27Mozilla/5.0%20%28Windows%20NT%2010.0%29%20AppleWebKit/537.36%20%28KHTML%2C%20like%20Gecko%29%20Chrome/80.0.3987.163%20Safari/537.36%27%2C%20%27page%27%3A%20u%27https%3A//www.natv.es/Alacarta%27%7D%2C%20u%27torete%27%3A%20%7B%27x-req%27%3A%20u%27XMLHttpRequest%27%2C%20%27name%27%3A%20u%27torete%27%2C%20%27listrepeat%27%3A%20u%27%5Cr%5Cn%3CSetViewMode%3E502%3C/SetViewMode%3E%5Cr%5Cn%3Ctitle%3E%5BB%5D%5BLOWERCASE%5D%5BCAPITALIZE%5D%5BCOLOR%20white%5D%5Btorete.param3%5D%5B/CAPITALIZE%5D%5B/LOWERCASE%5D%5B/B%5D%5B/COLOR%5D%3C/title%3E%5Cr%5Cn%20%3Clink%3E%24doregex%5Btorete5%5D%3C/link%3E%5Cr%5Cn%3Cthumbnail%3E%5Btorete.param1%5D%3C/thumbnail%3E%5Cr%5Cn%3Cfanart%3E%5Btorete.param1%5D%3C/fanart%3E%5Cr%5Cn%27%2C%20%27accept%27%3A%20u%27%2A/%2A%27%2C%20%27expres%27%3A%20u%27%28%3Fs%29W50%20H120%20FranjaRoja.%2A%3Fmage%3A%20url.%5C%27%28.%2A%3F%29%5C%27.%2A%3Flocation.href%3D%5C%27%28.%2A%3F%29%5C%27.%2A%3F%22TextoNeutro%22%3E%28.%2A%3F%29%3C%27%2C%20%27agent%27%3A%20u%27Mozilla/5.0%20%28Windows%20NT%2010.0%29%20AppleWebKit/537.36%20%28KHTML%2C%20like%20Gecko%29%20Chrome/80.0.3987.163%20Safari/537.36%27%2C%20%27page%27%3A%20u%27https%3A//www.natv.es%5Bmakelist5.param2%5D%27%7D%2C%20u%27torete5%27%3A%20%7B%27expres%27%3A%20u%22%23%24pyFunction%5Cr%5Cndef%20GetLSProData%28page_data%2CCookie_Jar%2Cm%2Curl%3D%20%27%24doregex%5Btitulo2%5D%27%29%3A%5Cr%5Cn%20%20%20%20import%20re%2C%20requests%2C%20resolveurl%2C%20xbmc%5Cr%5Cn%20%20%20%20url%3D%20%27%24doregex%5Btorete9%5D%27%5Cr%5Cn%20%20%20%20u%20%3D%20resolveurl.resolve%28url%29%20%20%20%20%20%20%20%20%5Cr%5Cn%20%20%20%20return%20u%20%20%5Cr%5Cn%22%2C%20%27referer%27%3A%20None%2C%20%27name%27%3A%20u%27torete5%27%2C%20%27agent%27%3A%20u%27Mozilla/5.0%20%28Windows%20NT%2010.0%29%20AppleWebKit/537.36%20%28KHTML%2C%20like%20Gecko%29%20Chrome/80.0.3987.163%20Safari/537.36%27%2C%20%27page%27%3A%20None%7D%7D&amp;iconimage=https%3A%2F%2Fmedia.tvalacarta.info%2Fcanales%2F256x256%2Fnavarratv.png",return)</action>
	</shortcut>
	<shortcut>
		<defaultID />
		<label>[B][LOWERCASE][CAPITALIZE][COLOR white] 7tv region de murcia [COLOR gold]a la carta[/CAPITALIZE][/LOWERCASE][/B][/COLOR]</label>
		<label2>Complemento de Vídeo</label2>
		<icon>DefaultShortcut.png</icon>
		<thumb>image://https%3a%2f%2flh3.googleusercontent.com%2fproxy%2ffKvqcpQhdDXNEuEZFFgULal-vd1OAkGh6TjmORugggWIQsMYKomtOXnmOCdvpDthNu7cRy_ehQswh6-IQQgrLfK9dAUrIPG1vkS9GbEsyZL_WvkLcvCb8x6i/</thumb>
		<action>ActivateWindow(Videos,"plugin://plugin.video.tvchopo/?url=%24doregex%5Bmakelist3%5D&amp;mode=17&amp;regexs=%7Bu%27paginas%27%3A%20%7B%27expres%27%3A%20u%27%23%24pyFunction%5Cr%5Cndef%20GetLSProData%28page_data%2CCookie_Jar%2Cm%29%3A%5Cr%5Cn%20import%20xbmcgui%5Cr%5Cn%20dialog%20%3D%20xbmcgui.Dialog%28%29%5Cr%5Cn%20ret%20%3D%20dialog.select%28%5C%27%5BB%5D%5BLOWERCASE%5D%5BCAPITALIZE%5D%5BCOLOR%20lightsalmon%5Delige%20una%20pagina%5B/COLOR%5D%5B/CAPITALIZE%5D%5B/LOWERCASE%5D%5B/B%5D%5C%27%2C%20%5B%5C%27%5BB%5D%5BLOWERCASE%5D%5BCAPITALIZE%5D%5BCOLOR%20aqua%5Dpagina%201%5B/COLOR%5D%5B/CAPITALIZE%5D%5B/LOWERCASE%5D%5B/B%5D%5C%27%2C%20%5C%27%5BB%5D%5BLOWERCASE%5D%5BCAPITALIZE%5D%5BCOLOR%20aquamarine%5Dpagina%202%5B/COLOR%5D%5B/CAPITALIZE%5D%5B/LOWERCASE%5D%5B/B%5D%5C%27%5D%29%5Cr%5Cn%20lists%20%3D%20%5B%22%22%2C%22/pag.12/%22%5D%5Cr%5Cn%20return%20lists%5Bret%5D%5Cr%5Cn%27%2C%20%27name%27%3A%20u%27paginas%27%2C%20%27agent%27%3A%20u%27Mozilla/5.0%20%28Windows%20NT%2010.0%29%20AppleWebKit/537.36%20%28KHTML%2C%20like%20Gecko%29%20Chrome/80.0.3987.163%20Safari/537.36%27%2C%20%27page%27%3A%20None%7D%2C%20u%27makelist3%27%3A%20%7B%27cookiejar%27%3A%20%27%27%2C%20%27name%27%3A%20u%27makelist3%27%2C%20%27listrepeat%27%3A%20u%27%5Cr%5Cn%20%20%3Ctitle%3E%5BB%5D%5BLOWERCASE%5D%5BCAPITALIZE%5D%5B/CAPITALIZE%5D%5BCOLOR%20white%5D%5Bmakelist3.param2%5D%5B/LOWERCASE%5D%5B/B%5D%5B/COLOR%5D%3C/title%3E%5Cr%5Cn%3Cthumbnail%3Ehttps%3A//lh3.googleusercontent.com/proxy/fKvqcpQhdDXNEuEZFFgULal-vd1OAkGh6TjmORugggWIQsMYKomtOXnmOCdvpDthNu7cRy_ehQswh6-IQQgrLfK9dAUrIPG1vkS9GbEsyZL_WvkLcvCb8x6i%3C/thumbnail%3E%5Cr%5Cn%3Cfanart%3Ehttps%3A//lh3.googleusercontent.com/proxy/fKvqcpQhdDXNEuEZFFgULal-vd1OAkGh6TjmORugggWIQsMYKomtOXnmOCdvpDthNu7cRy_ehQswh6-IQQgrLfK9dAUrIPG1vkS9GbEsyZL_WvkLcvCb8x6i%3C/fanart%3E%5Cr%5Cn%3Clink%3E%24doregex%5Bmakelist5%5D%3C/link%3E%5Cr%5Cn%27%2C%20%27agent%27%3A%20u%27Mozilla/5.0%20%28Windows%20NT%2010.0%29%20AppleWebKit/537.36%20%28KHTML%2C%20like%20Gecko%29%20Chrome/80.0.3987.163%20Safari/537.36%27%2C%20%27expres%27%3A%20u%27%3Ca%20class%3D%22.%2A%3F%22%20href%3D%22%28http%3A//webtv.7tvregiondemurcia.es/.%2A%3F%29%22.%2A%3Ftitle%3D%22%28.%2A%3F%29%22.%2A%3F%3C/a%3E%27%2C%20%27page%27%3A%20u%27http%3A//webtv.7tvregiondemurcia.es/informativos/%27%7D%2C%20u%27makelist5%27%3A%20%7B%27cookiejar%27%3A%20%27%27%2C%20%27name%27%3A%20u%27makelist5%27%2C%20%27listrepeat%27%3A%20u%27%5Cr%5Cn%20%20%3Ctitle%3E%5BB%5D%5BLOWERCASE%5D%5BCAPITALIZE%5D%5B/CAPITALIZE%5D%5BCOLOR%20white%5D%5Bmakelist5.param2%5D%5B/LOWERCASE%5D%5B/B%5D%5B/COLOR%5D%3C/title%3E%5Cr%5Cn%3Cthumbnail%3E%5Bmakelist5.param3%5D%3C/thumbnail%3E%5Cr%5Cn%3Cfanart%3E%5Bmakelist5.param3%5D%3C/fanart%3E%5Cr%5Cn%3Clink%3E%24doregex%5Bmakelist4%5D%3C/link%3E%5Cr%5Cn%27%2C%20%27agent%27%3A%20u%27Mozilla/5.0%20%28Windows%20NT%2010.0%29%20AppleWebKit/537.36%20%28KHTML%2C%20like%20Gecko%29%20Chrome/80.0.3987.163%20Safari/537.36%27%2C%20%27expres%27%3A%20u%27%28%3Fs%29col-lg-4%20coleccion%22%3E.%2A%3Fa%20href%3D%22%28.%2A%3F%29%22%20title%3D%22%28.%2A%3F%29%22.%2A%3Fsrc%3D%22%28.%2A%3F%29%22%27%2C%20%27page%27%3A%20u%27%5Bmakelist3.param1%5D%24doregex%5Bpaginas%5D%27%7D%2C%20u%27makelist4%27%3A%20%7B%27cookiejar%27%3A%20%27%27%2C%20%27name%27%3A%20u%27makelist4%27%2C%20%27listrepeat%27%3A%20u%27%5Cr%5Cn%20%20%3Ctitle%3E%5BB%5D%5BLOWERCASE%5D%5BCAPITALIZE%5D%5B/CAPITALIZE%5D%5BCOLOR%20white%5D%5Bmakelist4.param1%5D%5B/LOWERCASE%5D%5B/B%5D%5B/COLOR%5D%3C/title%3E%5Cr%5Cn%3Cthumbnail%3E%24doregex%5Btitulo12%5D%3C/thumbnail%3E%5Cr%5Cn%3Cfanart%3E%5Bmakelist5.param3%5D%3C/fanart%3E%5Cr%5Cn%3Clink%3E%24doregex%5Bid%5D%3C/link%3E%5Cr%5Cn%27%2C%20%27agent%27%3A%20u%27Mozilla/5.0%20%28Windows%20NT%2010.0%29%20AppleWebKit/537.36%20%28KHTML%2C%20like%20Gecko%29%20Chrome/80.0.3987.163%20Safari/537.36%27%2C%20%27expres%27%3A%20u%27%23%24pyFunction%5Cr%5Cnimport%20re%2Crequests%5Cr%5Cndef%20GetLSProData%28page_data%2CCookie_Jar%2Cm%29%3A%5Cr%5Cn%20%20count%3D16%3Bpn%3D1%3Bdata%3D%5B%5D%5Cr%5Cn%20%20while%20pn%20%3C%3D%20int%28count%29%3A%5Cr%5Cn%20%20%20%20%20page%3D%5C%27http%3A//webtv.7tvregiondemurcia.es/temporadasbrowser/getCapitulos/%24doregex%5Bid1%5D/%24doregex%5Bid2%5D/%5C%27%2Bstr%28pn%29%2B%5C%27/%5C%27%3Bsource%3Drequests.get%28page%29.content.decode%28%5C%27ascii%5C%27%2C%5C%27ignore%5C%27%29%5Cr%5Cn%20%20%20%20%20data%20%2B%3Dre.findall%28%5C%27%22ID%22%3A%22.%2A%3F%22post_title%22%3A%22%28.%2A%3F%29%22.%2A%3Fimage%22%3A%22%28.%2A%3F%29%22%2C%22url%22%3A%22%28.%2A%3F%29%22%5C%27%2Csource%29%3Bpn%20%2B%3D1%5Cr%5Cn%20%20return%20data%5Cr%5Cn%20%20%27%2C%20%27page%27%3A%20None%7D%2C%20u%27id2%27%3A%20%7B%27expres%27%3A%20u%27%28%3Fs%29ar%20temporada_id.%2A%3FcapituloId%3A%20%22%28.%2A%3F%29%22%2C%27%2C%20%27cookiejar%27%3A%20%27%27%2C%20%27name%27%3A%20u%27id2%27%2C%20%27agent%27%3A%20u%27Mozilla/5.0%20%28Windows%20NT%2010.0%29%20AppleWebKit/537.36%20%28KHTML%2C%20like%20Gecko%29%20Chrome/80.0.3987.163%20Safari/537.36%27%2C%20%27page%27%3A%20u%27http%3A//webtv.7tvregiondemurcia.es%5Bmakelist5.param1%5D%27%7D%2C%20u%27makelist1%27%3A%20%7B%27expres%27%3A%20u%27%28%3Fs%29class%3D%22videoEmbed%22%3E.%2A%3F%20src%3D%22%28.%2A%3F%29%22%27%2C%20%27name%27%3A%20u%27makelist1%27%2C%20%27agent%27%3A%20u%27Mozilla/5.0%20%28Windows%20NT%2010.0%29%20AppleWebKit/537.36%20%28KHTML%2C%20like%20Gecko%29%20Chrome/80.0.3987.163%20Safari/537.36%27%2C%20%27page%27%3A%20u%27http%3A//webtv.7tvregiondemurcia.es%24doregex%5Btitulo13%5D%27%7D%2C%20u%27id1%27%3A%20%7B%27expres%27%3A%20u%27current%20%20%20%3A%20%22%28.%2A%3F%29%22%27%2C%20%27cookiejar%27%3A%20%27%27%2C%20%27name%27%3A%20u%27id1%27%2C%20%27agent%27%3A%20u%27Mozilla/5.0%20%28Windows%20NT%2010.0%29%20AppleWebKit/537.36%20%28KHTML%2C%20like%20Gecko%29%20Chrome/80.0.3987.163%20Safari/537.36%27%2C%20%27page%27%3A%20u%27http%3A//webtv.7tvregiondemurcia.es%5Bmakelist5.param1%5D%27%7D%2C%20u%27id%27%3A%20%7B%27expres%27%3A%20u%27src%3A%20%22%28http.%2A%3Fmp4%29%22%27%2C%20%27name%27%3A%20u%27id%27%2C%20%27agent%27%3A%20u%27Mozilla/5.0%20%28Windows%20NT%2010.0%29%20AppleWebKit/537.36%20%28KHTML%2C%20like%20Gecko%29%20Chrome/80.0.3987.163%20Safari/537.36%27%2C%20%27page%27%3A%20u%27%24doregex%5Bmakelist1%5D%27%7D%2C%20u%27titulo12%27%3A%20%7B%27expres%27%3A%20u%22%24pyFunction%3A%28%27%5Bmakelist4.param2%5D%27%29.replace%28%27%5C%5C%5C%5C%27%2C%27%27%29%22%2C%20%27name%27%3A%20u%27titulo12%27%2C%20%27agent%27%3A%20u%27Mozilla/5.0%20%28Windows%20NT%2010.0%29%20AppleWebKit/537.36%20%28KHTML%2C%20like%20Gecko%29%20Chrome/80.0.3987.163%20Safari/537.36%27%2C%20%27page%27%3A%20None%7D%2C%20u%27titulo13%27%3A%20%7B%27expres%27%3A%20u%22%24pyFunction%3A%28%27%5Bmakelist4.param3%5D%27%29.replace%28%27%5C%5C%5C%5C%27%2C%27%27%29%22%2C%20%27name%27%3A%20u%27titulo13%27%2C%20%27agent%27%3A%20u%27Mozilla/5.0%20%28Windows%20NT%2010.0%29%20AppleWebKit/537.36%20%28KHTML%2C%20like%20Gecko%29%20Chrome/80.0.3987.163%20Safari/537.36%27%2C%20%27page%27%3A%20None%7D%7D&amp;iconimage=https%3A%2F%2Flh3.googleusercontent.com%2Fproxy%2FfKvqcpQhdDXNEuEZFFgULal-vd1OAkGh6TjmORugggWIQsMYKomtOXnmOCdvpDthNu7cRy_ehQswh6-IQQgrLfK9dAUrIPG1vkS9GbEsyZL_WvkLcvCb8x6i",return)</action>
	</shortcut>
	<shortcut>
		<defaultID />
		<label>[B][LOWERCASE][CAPITALIZE][COLOR white] canal extremadura [COLOR gold]a la carta[/COLOR][/CAPITALIZE][/LOWERCASE][/B]</label>
		<label2>Complemento de Vídeo</label2>
		<icon>DefaultShortcut.png</icon>
		<thumb>image://https%3a%2f%2fwww.irbbarcelona.org%2fsites%2fdefault%2ffiles%2fnews%2f2017%2f11%2fradio_canal_extremadura.png/</thumb>
		<action>ActivateWindow(Videos,"plugin://plugin.video.tvchopo/?url=https%3A%2F%2Fpastebin.com%2Fraw%2FHkVWa06G&amp;mode=1&amp;name=%5BB%5D%5BLOWERCASE%5D%5BCAPITALIZE%5D%5BCOLOR+white%5D+canal+extremadura+%5BCOLOR+gold%5Da+la+carta%5B%2FCOLOR%5D%5B%2FCAPITALIZE%5D%5B%2FLOWERCASE%5D%5B%2FB%5D&amp;fanart=https%3A%2F%2Fprnoticias.com%2Fmedia%2Fk2%2Fitems%2Fcache%2Fba48172c36165867bc8e6cd3f683b72e_XL.jpg%3Ft%3D1500297502",return)</action>
	</shortcut>
</shortcuts>
