<?xml version='1.0' encoding='UTF-8'?>
<shortcuts>
	<shortcut>
		<defaultID />
		<label>[B][LOWERCASE][CAPITALIZE][B][LOWERCASE][CAPITALIZE][COLOR white] series especiales [COLOR gold]chopo  [/CAPITALIZE][/LOWERCASE][/B][/COLOR]</label>
		<label2>Complemento de Vídeo</label2>
		<icon>DefaultShortcut.png</icon>
		<thumb>image://https%3a%2f%2fi.ytimg.com%2fvi%2fZXtwHMasoBo%2fhqdefault.jpg/</thumb>
		<action>ActivateWindow(Videos,"plugin://plugin.video.Tvchopo.Kids/?url=https%3A%2F%2Fpastebin.com%2Fraw%2Fn8XEQX14&amp;mode=1&amp;name=%5BB%5D%5BLOWERCASE%5D%5BCAPITALIZE%5D%5BB%5D%5BLOWERCASE%5D%5BCAPITALIZE%5D%5BCOLOR+white%5D+series+especiales+%5BCOLOR+gold%5Dchopo++%5B%2FCAPITALIZE%5D%5B%2FLOWERCASE%5D%5B%2FB%5D%5B%2FCOLOR%5D&amp;fanart=https%3A%2F%2Fhips.hearstapps.com%2Fhmg-prod.s3.amazonaws.com%2Fimages%2Fportada80s-1519981906.jpg",return)</action>
	</shortcut>
	<shortcut>
		<defaultID />
		<label>[B][LOWERCASE][CAPITALIZE][/CAPITALIZE][COLOR fuchsia] atresplayer infantil[/LOWERCASE][/B][/COLOR]</label>
		<label2>Complemento de Vídeo</label2>
		<icon>DefaultShortcut.png</icon>
		<thumb>image://https%3a%2f%2fi0.wp.com%2fwww.audiovisual451.com%2fwp-content%2fuploads%2fAtresplayer.jpeg%3ffit%3d300%252C236%26ssl%3b%3d1/</thumb>
		<action>ActivateWindow(Videos,"plugin://plugin.video.Tvchopo.Kids/?url=%24doregex%5Bmakelist7%5D&amp;mode=17&amp;regexs=%7Bu%27makelist4%27%3A%20%7B%27expres%27%3A%20u%22%23%24pyFunction%5Cr%5Cndef%20GetLSProData%28page_data%2CCookie_Jar%2Cm%29%3A%5Cr%5Cn%20%20%20%20import%20re%2C%20requests%2C%20resolveurl%2C%20xbmc%5Cr%5Cn%20%20%20%20url2%20%3D%20%27https%3A//eljaviero.com/descargarvideosdelatele/index.php%27%5Cr%5Cn%20%20%20%20headers%20%3D%20%7B%27User-Agent%27%3A%20%27Mozilla/5.0%20%28Windows%20NT%2010.0%3B%20rv%3A73.0%29%20Gecko/20100101%20Firefox/73.0%27%2C%20%27Referer%27%3A%20%27https%3A//eljaviero.com/descargarvideosdelatele/%27%2C%20%27Accept%27%20%3A%20%27%2A/%2A%27%2C%20%27Accept-Language%27%20%3A%20%27es-ES%2Ces%3Bq%3D0.8%2Cen-US%3Bq%3D0.5%2Cen%3Bq%3D0.3%27%2C%20%27Content-Type%27%20%3A%20%27application/x-www-form-urlencoded%3B%20charset%3DUTF-8%27%2C%20%27X-Requested-With%27%20%3A%20%27XMLHttpRequest%27%7D%5Cr%5Cn%20%20%20%20payload%20%3D%20%7B%27url_noticia%27%3A%27https%3A//www.atresplayer.com/%24doregex%5Btitulo1%5D%27%2C%20%27submit_enviar_url%27%3A%27ok%27%2C%20%27current_url%27%3A%27https%3A//eljaviero.com/descargarvideosdelatele/%27%7D%20%20%20%20%5Cr%5Cn%20%20%20%20logueo%20%3D%20requests.post%28url2%2C%20headers%3Dheaders%2C%20data%3Dpayload%29%5Cr%5Cn%20%20%20%20r%20%3D%20logueo.text%5Cr%5Cn%20%20%20%20link%20%3D%20re.findall%28%27manifest_url.%2A%3Furl%3D.http%3A....%28.%2A%3Ff4m%29%27%2C%20r%29%5B0%5D%5Cr%5Cn%20%20%20%20link2%20%3D%20link.replace%28%27%5C%5C%5C%5C%27%2C%27%27%29%5Cr%5Cn%20%20%20%20primero%20%3D%20%27name%3D%5BB%5D%5BLOWERCASE%5D%5BCAPITALIZE%5D%5BCOLOR%20white%5Datresplayer-tvchopo%5B/CAPITALIZE%5D%5B/LOWERCASE%5D%5B/B%5D%5B/COLOR%5D%26url%3Dhttp%3A//%27%2Blink2%5Cr%5Cn%20%20%20%20return%20primero%20%20%20%20%5Cr%5Cn%22%2C%20%27name%27%3A%20u%27makelist4%27%2C%20%27agent%27%3A%20u%27Mozilla/5.0%20%28Windows%20NT%2010.0%29%20AppleWebKit/537.36%20%28KHTML%2C%20like%20Gecko%29%20Chrome/80.0.3987.163%20Safari/537.36%27%2C%20%27page%27%3A%20None%7D%2C%20u%27makelist7%27%3A%20%7B%27cookiejar%27%3A%20%27%27%2C%20%27name%27%3A%20u%27makelist7%27%2C%20%27listrepeat%27%3A%20u%27%5Cr%5Cn%20%20%3Ctitle%3E%5BB%5D%5BLOWERCASE%5D%5BCAPITALIZE%5D%5B/CAPITALIZE%5D%5BCOLOR%20white%5D%5Bmakelist7.param1%5D%5B/LOWERCASE%5D%5B/B%5D%5B/COLOR%5D%3C/title%3E%5Cr%5Cn%3Cthumbnail%3E%5Bmakelist7.param2%5D%3C/thumbnail%3E%5Cr%5Cn%3Cfanart%3E%5Bmakelist7.param2%5D%3C/fanart%3E%5Cr%5Cn%3Clink%3E%24doregex%5Bmakelist6%5D%3C/link%3E%5Cr%5Cn%27%2C%20%27agent%27%3A%20u%27Mozilla/5.0%20%28Windows%20NT%2010.0%29%20AppleWebKit/537.36%20%28KHTML%2C%20like%20Gecko%29%20Chrome/80.0.3987.163%20Safari/537.36%27%2C%20%27expres%27%3A%20u%27%23%24pyFunction%5Cr%5Cnimport%20re%2Crequests%5Cr%5Cndef%20GetLSProData%28page_data%2CCookie_Jar%2Cm%29%3A%5Cr%5Cn%20%20count%3D2%3Bpn%3D1%3Bdata%3D%5B%5D%5Cr%5Cn%20%20while%20pn%20%3C%3D%20int%28count%29%3A%5Cr%5Cn%20%20%20%20%20page%3D%5C%27https%3A//api.atresplayer.com/client/v1/row/search%3FentityType%3DATPFormat%26sectionCategory%3Dtrue%26mainChannelId%3D5a6b32667ed1a834493ec03b%26categoryId%3D5a6a24b1986b281d18a512c0%26sortType%3DAZ%26size%3D8%26page%3D%5C%27%2Bstr%28pn%29%2B%5C%27%5C%27%3Bsource%3Drequests.get%28page%29.content.decode%28%5C%27ascii%5C%27%2C%5C%27ignore%5C%27%29%5Cr%5Cn%20%20%20%20%20data%20%2B%3Dre.findall%28%5C%27%7B%22title%22%3A%22%28.%2A%3F%29%22.%2A%3FpathHorizontal%22%3A%22%28.%2A%3F%29%22.%2A%3Furl%22%3A%22%28.%2A%3F%29%22%5C%27%2Csource%29%3Bpn%20%2B%3D1%5Cr%5Cn%20%20return%20data%27%2C%20%27page%27%3A%20None%7D%2C%20u%27makelist6%27%3A%20%7B%27cookiejar%27%3A%20%27%27%2C%20%27name%27%3A%20u%27makelist6%27%2C%20%27listrepeat%27%3A%20u%27%5Cr%5Cn%20%20%3Ctitle%3E%5BB%5D%5BLOWERCASE%5D%5BCAPITALIZE%5D%5B/CAPITALIZE%5D%5BCOLOR%20white%5D%5Bmakelist6.param1%5D%5B/LOWERCASE%5D%5B/B%5D%5B/COLOR%5D%3C/title%3E%5Cr%5Cn%3Cthumbnail%3E%5Bmakelist7.param2%5D%3C/thumbnail%3E%5Cr%5Cn%3Cfanart%3E%5Bmakelist7.param2%5D%3C/fanart%3E%5Cr%5Cn%3Clink%3E%24doregex%5Bmakelist5%5D%3C/link%3E%5Cr%5Cn%27%2C%20%27agent%27%3A%20u%27Mozilla/5.0%20%28Windows%20NT%2010.0%29%20AppleWebKit/537.36%20%28KHTML%2C%20like%20Gecko%29%20Chrome/80.0.3987.163%20Safari/537.36%27%2C%20%27expres%27%3A%20u%27TVSeason%22%2C%22name%22%3A%22%28.%2A%3F%29%22.%2A%3F%22url%22%3A%22https%3A.u002F.%28.%2A%3F%29%22%27%2C%20%27page%27%3A%20u%27https%3A//www.atresplayer.com%5Bmakelist7.param3%5D%27%7D%2C%20u%27makelist5%27%3A%20%7B%27cookiejar%27%3A%20%27%27%2C%20%27name%27%3A%20u%27makelist5%27%2C%20%27listrepeat%27%3A%20u%27%5Cr%5Cn%20%20%3Ctitle%3E%5BB%5D%5BLOWERCASE%5D%5BCAPITALIZE%5D%5B/CAPITALIZE%5D%5BCOLOR%20white%5D%5Bmakelist5.param1%5D%20%5B/LOWERCASE%5D%5B/B%5D%5B/COLOR%5D%3C/title%3E%5Cr%5Cn%3Cthumbnail%3E%5Bmakelist7.param2%5D%3C/thumbnail%3E%5Cr%5Cn%3Cfanart%3E%5Bmakelist7.param2%5D%3C/fanart%3E%5Cr%5Cn%3Clink%3Eplugin%3A//plugin.video.f4mTester/%3F%24doregex%5Bmakelist4%5D%3C/link%3E%5Cr%5Cn%27%2C%20%27agent%27%3A%20u%27Mozilla/5.0%20%28Windows%20NT%2010.0%29%20AppleWebKit/537.36%20%28KHTML%2C%20like%20Gecko%29%20Chrome/80.0.3987.163%20Safari/537.36%27%2C%20%27expres%27%3A%20u%27type%22%3A%22Episode%22%2C%22name%22%3A%22%28.%2A%3F%29%22%2C%22url%22%3A%22https%3A.u002F.u002Fwww.atresplayer.com.u002F%28.%2A%3F%29%22%27%2C%20%27page%27%3A%20u%27https%3A//%24doregex%5Btitulo12%5D%27%7D%2C%20u%27titulo1%27%3A%20%7B%27expres%27%3A%20u%22%24pyFunction%3A%28%27%5Bmakelist5.param2%5D%27%29.replace%28%27u002F%27%2C%27%27%29.replace%28%27%5C%5C%5C%5C%27%2C%27/%27%29%22%2C%20%27name%27%3A%20u%27titulo1%27%2C%20%27agent%27%3A%20u%27Mozilla/5.0%20%28Windows%20NT%2010.0%29%20AppleWebKit/537.36%20%28KHTML%2C%20like%20Gecko%29%20Chrome/80.0.3987.163%20Safari/537.36%27%2C%20%27page%27%3A%20None%7D%2C%20u%27titulo12%27%3A%20%7B%27expres%27%3A%20u%22%24pyFunction%3A%28%27%5Bmakelist6.param2%5D%27%29.replace%28%27u002F%27%2C%27%27%29.replace%28%27%5C%5C%5C%5C%27%2C%27/%27%29%22%2C%20%27name%27%3A%20u%27titulo12%27%2C%20%27agent%27%3A%20u%27Mozilla/5.0%20%28Windows%20NT%2010.0%29%20AppleWebKit/537.36%20%28KHTML%2C%20like%20Gecko%29%20Chrome/80.0.3987.163%20Safari/537.36%27%2C%20%27page%27%3A%20None%7D%7D&amp;iconimage=https%3A%2F%2Fi0.wp.com%2Fwww.audiovisual451.com%2Fwp-content%2Fuploads%2FAtresplayer.jpeg%3Ffit%3D300%252C236%26ssl%3B%3D1",return)</action>
	</shortcut>
	<shortcut>
		<defaultID />
		<label>[B][LOWERCASE][CAPITALIZE][/CAPITALIZE][COLOR yellow] canal clan series[/LOWERCASE][/B][/COLOR]</label>
		<label2>Complemento de Vídeo</label2>
		<icon>DefaultShortcut.png</icon>
		<thumb>image://https%3a%2f%2fi.imgur.com%2fXnHY4UQ.jpg/</thumb>
		<action>ActivateWindow(Videos,"plugin://plugin.video.Tvchopo.Kids/?url=%24doregex%5Bmakelist6%5D&amp;mode=17&amp;regexs=%7Bu%27titulo2%27%3A%20%7B%27expres%27%3A%20u%22%24pyFunction%3A%28%27%5Bmakelist4.param1%5D%27%29.replace%28%27%5C%5C%5C%5C%27%2C%27%27%29%22%2C%20%27name%27%3A%20u%27titulo2%27%2C%20%27agent%27%3A%20u%27Mozilla/5.0%20%28Windows%20NT%2010.0%29%20AppleWebKit/537.36%20%28KHTML%2C%20like%20Gecko%29%20Chrome/80.0.3987.163%20Safari/537.36%27%2C%20%27page%27%3A%20None%7D%2C%20u%27makelist6%27%3A%20%7B%27cookiejar%27%3A%20%27%27%2C%20%27name%27%3A%20u%27makelist6%27%2C%20%27listrepeat%27%3A%20u%27%5Cr%5Cn%20%20%3Ctitle%3E%5BB%5D%5BLOWERCASE%5D%5BCAPITALIZE%5D%5B/CAPITALIZE%5D%5BCOLOR%20white%5D%5Bmakelist6.param4%5D%5B/LOWERCASE%5D%5B/B%5D%5B/COLOR%5D%3C/title%3E%5Cr%5Cn%3Cthumbnail%3E%5Bmakelist6.param3%5D%3C/thumbnail%3E%5Cr%5Cn%3Cfanart%3E%5Bmakelist6.param3%5D%3C/fanart%3E%5Cr%5Cn%3Clink%3E%24doregex%5Bmakelist5%5D%3C/link%3E%5Cr%5Cn%27%2C%20%27agent%27%3A%20u%27Mozilla/5.0%20%28Windows%20NT%2010.0%29%20AppleWebKit/537.36%20%28KHTML%2C%20like%20Gecko%29%20Chrome/80.0.3987.163%20Safari/537.36%27%2C%20%27expres%27%3A%20u%27%23%24pyFunction%5Cr%5Cnimport%20re%2Crequests%5Cr%5Cndef%20GetLSProData%28page_data%2CCookie_Jar%2Cm%29%3A%20%20%5Cr%5Cn%20%20count%3D5%3Bpn%3D1%3Bdata%3D%5B%5D%5Cr%5Cn%20%20while%20pn%20%3C%3D%20int%28count%29%3A%5Cr%5Cn%20%20%20%20%20headers%20%3D%20%7B%5C%27User-Agent%5C%27%3A%20%5C%27Mozilla/5.0%20%28Windows%20NT%2010.0%29%20AppleWebKit/537.36%20%28KHTML%2C%20like%20Gecko%29%20Chrome/80.0.3987.163%20Safari/537.36%5C%27%2C%20%5C%27Accept%5C%27%20%3A%20%5C%27text/html%2Capplication/xhtml%2Bxml%2Capplication/xml%3Bq%3D0.9%2C%2A/%2A%3Bq%3D0.8%5C%27%2C%20%5C%27Accept-Language%5C%27%20%3A%20%5C%27es-ES%2Ces%3Bq%3D0.8%2Cen-US%3Bq%3D0.5%2Cen%3Bq%3D0.3%5C%27%2C%20%5C%27Upgrade-Insecure-Requests%5C%27%20%3A%20%5C%271%5C%27%2C%20%5C%27Pragma%5C%27%20%3A%20%5C%27no-cache%5C%27%2C%20%5C%27Cache-Control%5C%27%20%3A%20%5C%27no-cache%5C%27%7D%5Cr%5Cn%20%20%20%20%20page%3D%5C%27http%3A//www.rtve.es/drmn/catalog/%3F%26page%3D%5C%27%2Bstr%28pn%29%2B%5C%27%26col%3D3%26extended%3DS%26de%3DN%26ll%3DN%26progtitle%3DS%26ctx%3DINF%26csel%3D1%26n1%3DTodos%26c1%3DNN%26i1%3D0%26t1%3DPRO%26f1%3DN%26o1%3DFP%26e1%26q1%3DinPubTarget%25253DINFANTIL%252526lang%25253Des%252526order%25253Dprogram_orden%25252Casc%5C%27%3Bsource%3Drequests.get%28page%2C%20headers%3Dheaders%29.content.decode%28%5C%27ascii%5C%27%2C%5C%27ignore%5C%27%29%5Cr%5Cn%20%20%20%20%20data%20%2B%3Dre.findall%28%5C%27%28%3Fs%29class%3D%22extendOn%20liElemento.%2A%3Frtve-id%3D%22%28.%2A%3F%29%22.%2A%3Fclass%3D%22contentBox%22%3E.%2A%3Fclass%3D%22linkElemento%20mai.%2A%3Fhref%3D%22%28.%2A%3F%29%22.%2A%3Fsrc%3D%22%28.%2A%3F%29%22.%2A%3Fclass%3D%22tit%20M%22%3E%28.%2A%3F%29%3C.%2A%3F%5C%27%2Csource%29%3Bpn%20%2B%3D1%5Cr%5Cn%20%20return%20data%5Cr%5Cn%20%20%27%2C%20%27page%27%3A%20None%7D%2C%20u%27makelist5%27%3A%20%7B%27cookiejar%27%3A%20%27%27%2C%20%27name%27%3A%20u%27makelist5%27%2C%20%27listrepeat%27%3A%20u%27%5Cr%5Cn%20%20%3Ctitle%3E%5BB%5D%5BLOWERCASE%5D%5BCAPITALIZE%5D%5B/CAPITALIZE%5D%5BCOLOR%20white%5D%5Bmakelist5.param4%5D%5B/LOWERCASE%5D%5B/B%5D%5B/COLOR%5D%3C/title%3E%5Cr%5Cn%3Cthumbnail%3E%5Bmakelist5.param3%5D%3C/thumbnail%3E%5Cr%5Cn%3Cfanart%3E%5Bmakelist5.param3%5D%3C/fanart%3E%5Cr%5Cn%3Clink%3E%24doregex%5Bmakelist4%5D%3C/link%3E%5Cr%5Cn%27%2C%20%27agent%27%3A%20u%27Mozilla/5.0%20%28Windows%20NT%2010.0%29%20AppleWebKit/537.36%20%28KHTML%2C%20like%20Gecko%29%20Chrome/80.0.3987.163%20Safari/537.36%27%2C%20%27expres%27%3A%20u%27%23%24pyFunction%5Cr%5Cnimport%20re%2Crequests%5Cr%5Cndef%20GetLSProData%28page_data%2CCookie_Jar%2Cm%29%3A%5Cr%5Cn%20%20count%3D12%3Bpn%3D1%3Bdata%3D%5B%5D%5Cr%5Cn%20%20while%20pn%20%3C%3D%20int%28count%29%3A%5Cr%5Cn%20%20%20%20%20headers%20%3D%20%7B%5C%27User-Agent%5C%27%3A%20%5C%27Mozilla/5.0%20%28Windows%20NT%2010.0%29%20AppleWebKit/537.36%20%28KHTML%2C%20like%20Gecko%29%20Chrome/80.0.3987.163%20Safari/537.36%5C%27%2C%20%5C%27Accept%5C%27%20%3A%20%5C%27text/html%2Capplication/xhtml%2Bxml%2Capplication/xml%3Bq%3D0.9%2C%2A/%2A%3Bq%3D0.8%5C%27%2C%20%5C%27Accept-Language%5C%27%20%3A%20%5C%27es-ES%2Ces%3Bq%3D0.8%2Cen-US%3Bq%3D0.5%2Cen%3Bq%3D0.3%5C%27%2C%20%5C%27Upgrade-Insecure-Requests%5C%27%20%3A%20%5C%271%5C%27%2C%20%5C%27Pragma%5C%27%20%3A%20%5C%27no-cache%5C%27%2C%20%5C%27Cache-Control%5C%27%20%3A%20%5C%27no-cache%5C%27%7D%5Cr%5Cn%20%20%20%20%20page%3D%5C%27http%3A//www.rtve.es/drmn/catalog/%3F%26page%3D%5C%27%2Bstr%28pn%29%2B%5C%27%26col%3D3%26extended%3DS%26de%3DN%26ll%3DN%26ctx%3DINF%26csel%3D1%26n1%3DTodos%26c1%3DTEM%26i1%3D%5Bmakelist6.param1%5D%26t1%3DVID%26f1%3DN%26o1%3DFP%26e1%26q1%3Dtype%253D39816%5C%27%3Bsource%3Drequests.get%28page%2C%20headers%3Dheaders%29.content.decode%28%5C%27ascii%5C%27%2C%5C%27ignore%5C%27%29%5Cr%5Cn%20%20%20%20%20data%20%2B%3Dre.findall%28%5C%27%28%3Fs%29class%3D%22extendOn%20liElemento.%2A%3Frtve-id%3D%22%28.%2A%3F%29%22.%2A%3Fclass%3D%22contentBox%22%3E.%2A%3Fclass%3D%22linkElemento%20mai.%2A%3Fhref%3D%22%28.%2A%3F%29%22.%2A%3Fsrc%3D%22%28.%2A%3F%29%22.%2A%3Fclass%3D%22tit%20M%22%3E%28.%2A%3F%29%3C.%2A%3F%5C%27%2Csource%29%3Bpn%20%2B%3D1%5Cr%5Cn%20%20return%20data%5Cr%5Cn%20%20%27%2C%20%27page%27%3A%20None%7D%2C%20u%27makelist4%27%3A%20%7B%27listrepeat%27%3A%20u%27%5Cr%5Cn%20%20%3Ctitle%3E%5BB%5D%5BLOWERCASE%5D%5BCAPITALIZE%5D%5B/CAPITALIZE%5D%5BCOLOR%20white%5D%24doregex%5Btitulo5%5D%5B/LOWERCASE%5D%5B/B%5D%5B/COLOR%5D%3C/title%3E%5Cr%5Cn%3Cthumbnail%3E%5Bmakelist5.param3%5D%3C/thumbnail%3E%5Cr%5Cn%3Cfanart%3E%5Bmakelist5.param3%5D%3C/fanart%3E%5Cr%5Cn%3Clink%3E%24doregex%5Btitulo2%5D%3C/link%3E%5Cr%5Cn%27%2C%20%27expres%27%3A%20u%22%23%24pyFunction%5Cr%5Cndef%20GetLSProData%28page_data%2CCookie_Jar%2Cm%29%3A%5Cr%5Cn%20%20%20%20import%20re%2C%20requests%2C%20resolveurl%5Cr%5Cn%20%20%20%20return%20re.findall%28%27role%3D%5C%5C%27alert%5C%5C%27%3E.%2A%3Frel%3D%5C%5C%27noreferrer%5C%5C%27%20href%3D%5C%5C%27%28.%2A%3F%29%5C%5C%27.%2A%3F%3E%28.%2A%3F%29%3C%27%2Crequests.post%28%27https%3A//eljaviero.com/descargarvideosdelatele/index.php%27%2Cheaders%3D%7B%27referent%27%3A%27https%3A//eljaviero.com/descargarvideosdelatele/%27%2C%20%27User-Agent%27%3A%20%27Mozilla/5.0%20%28Windows%20NT%2010.0%29%20AppleWebKit/537.36%20%28KHTML%2C%20like%20Gecko%29%20Chrome/80.0.3987.163%20Safari/537.36%27%2C%20%27Accept%27%20%3A%20%27text/html%2Capplication/xhtml%2Bxml%2Capplication/xml%3Bq%3D0.9%2C%2A/%2A%3Bq%3D0.8%27%2C%20%27Accept-Language%27%20%3A%20%27es-ES%2Ces%3Bq%3D0.8%2Cen-US%3Bq%3D0.5%2Cen%3Bq%3D0.3%27%2C%20%27Content-Type%27%20%3A%20%27application/x-www-form-urlencoded%3B%20charset%3DUTF-8%27%2C%20%27X-Requested-With%27%20%3A%20%27XMLHttpRequest%27%2C%20%27Pragma%27%20%3A%20%27no-cache%27%2C%20%27Cache-Control%27%20%3A%20%27no-cache%27%7D%2Cdata%3D%7B%27url_noticia%27%3A%27%5Bmakelist5.param2%5D%27%2C%27submit_enviar_url%27%3A%27ok%27%2C%27current_url%27%3A%27https%3A//eljaviero.com/descargarvideosdelatele/%27%7D%29.content.decode%28%27ascii%27%2C%27ignore%27%29%29%5Cr%5Cn%22%2C%20%27name%27%3A%20u%27makelist4%27%2C%20%27agent%27%3A%20u%27Mozilla/5.0%20%28Windows%20NT%2010.0%29%20AppleWebKit/537.36%20%28KHTML%2C%20like%20Gecko%29%20Chrome/80.0.3987.163%20Safari/537.36%27%2C%20%27page%27%3A%20None%7D%2C%20u%27titulo5%27%3A%20%7B%27expres%27%3A%20u%22%24pyFunction%3A%28%27%5Bmakelist4.param2%5D%27%29.replace%28%27%5C%5Cu00ed%27%2C%27i%27%29.replace%28%27%5C%5Cu00e9%27%2C%27e%27%29.replace%28%27%5C%5Cu00f3%27%2C%27o%27%29.replace%28%27%5C%5Cu00f1%27%2C%27%5Cxf1%27%29.replace%28%27%5C%5Cu00e1%27%2C%27a%27%29.replace%28%27%5C%5Cu00fa%27%2C%27u%27%29.replace%28%27%5C%5Cu00da%27%2C%27u%27%29%22%2C%20%27name%27%3A%20u%27titulo5%27%2C%20%27agent%27%3A%20u%27Mozilla/5.0%20%28Windows%20NT%2010.0%29%20AppleWebKit/537.36%20%28KHTML%2C%20like%20Gecko%29%20Chrome/80.0.3987.163%20Safari/537.36%27%2C%20%27page%27%3A%20None%7D%7D&amp;iconimage=https%3A%2F%2Fi.imgur.com%2FXnHY4UQ.jpg",return)</action>
	</shortcut>
	<shortcut>
		<defaultID />
		<label>[B][LOWERCASE][CAPITALIZE][COLOR red] tv galicia infantil[/CAPITALIZE][/COLOR][/LOWERCASE][/B]</label>
		<label2>Complemento de Vídeo</label2>
		<icon>DefaultShortcut.png</icon>
		<thumb>image://https%3a%2f%2fmedia.tvalacarta.info%2fcanales%2f256x256%2ftvginfantil.png/</thumb>
		<action>ActivateWindow(Videos,"plugin://plugin.video.Tvchopo.Kids/?url=%24doregex%5Bmakelist9%5D&amp;mode=17&amp;regexs=%7Bu%27makelist11%27%3A%20%7B%27expres%27%3A%20u%27var%20url%20%3D%20%22%28.%2A%3F%29%22%27%2C%20%27cookiejar%27%3A%20%27%27%2C%20%27name%27%3A%20u%27makelist11%27%2C%20%27agent%27%3A%20u%27Mozilla/5.0%20%28Windows%20NT%2010.0%29%20AppleWebKit/537.36%20%28KHTML%2C%20like%20Gecko%29%20Chrome/80.0.3987.163%20Safari/537.36%27%2C%20%27page%27%3A%20u%27http%3A//www.crtvg.es%5Bmakelist10.param1%5D%27%7D%2C%20u%27makelist9%27%3A%20%7B%27cookiejar%27%3A%20%27%27%2C%20%27name%27%3A%20u%27makelist9%27%2C%20%27listrepeat%27%3A%20u%27%5Cr%5Cn%3CSetViewMode%3E502%3C/SetViewMode%3E%5Cr%5Cn%3Ctitle%3E%5BB%5D%5BLOWERCASE%5D%5BCAPITALIZE%5D%5BCOLOR%20white%5D%5Bmakelist9.param2%5D%5B/COLOR%5D%5B/CAPITALIZE%5D%5B/LOWERCASE%5D%5B/B%5D%3C/title%3E%5Cr%5Cn%3Clink%3E%24doregex%5Bmakelist10%5D%3C/link%3E%5Cr%5Cn%3Cthumbnail%3Ehttp%3A//www.crtvg.es%5Bmakelist9.param3%5D%3C/thumbnail%3E%5Cr%5Cn%3Cfanart%3Ehttp%3A//www.crtvg.es%5Bmakelist9.param3%5D%3C/fanart%3E%5Cr%5Cn%27%2C%20%27agent%27%3A%20u%27Mozilla/5.0%20%28Windows%20NT%2010.0%29%20AppleWebKit/537.36%20%28KHTML%2C%20like%20Gecko%29%20Chrome/80.0.3987.163%20Safari/537.36%27%2C%20%27expres%27%3A%20u%27%28%3Fs%29listadoimagenes-imagen%22%3E.%2A%3Fa%20href%3D%22%28.%2A%3F%29%22%20title%3D%22%28.%2A%3F%29%22%3E%3Cimg%20src%3D%22%28.%2A%3F%29%22%27%2C%20%27page%27%3A%20u%27http%3A//www.crtvg.es/infantil/programas%27%7D%2C%20u%27makelist10%27%3A%20%7B%27cookiejar%27%3A%20%27%27%2C%20%27name%27%3A%20u%27makelist10%27%2C%20%27listrepeat%27%3A%20u%27%5Cr%5Cn%3CSetViewMode%3E502%3C/SetViewMode%3E%5Cr%5Cn%3Ctitle%3E%5BB%5D%5BLOWERCASE%5D%5BCAPITALIZE%5D%5BCOLOR%20white%5D%5Bmakelist10.param2%5D%20%5B/COLOR%5D%5B/CAPITALIZE%5D%5B/LOWERCASE%5D%5B/B%5D%3C/title%3E%5Cr%5Cn%3Clink%3E%24doregex%5Bmakelist11%5D/chunk.m3u8%3C/link%3E%5Cr%5Cn%3Cthumbnail%3Ehttp%3A//www.crtvg.es%5Bmakelist10.param3%5D%3C/thumbnail%3E%5Cr%5Cn%3Cfanart%3Ehttp%3A//www.crtvg.es%5Bmakelist10.param3%5D%3C/fanart%3E%5Cr%5Cn%27%2C%20%27agent%27%3A%20u%27Mozilla/5.0%20%28Windows%20NT%2010.0%29%20AppleWebKit/537.36%20%28KHTML%2C%20like%20Gecko%29%20Chrome/80.0.3987.163%20Safari/537.36%27%2C%20%27expres%27%3A%20u%27%28%3Fs%29listadoimagenes-li%22%3E.%2A%3Fa%20href%3D%22%28.%2A%3F%29%22%20title%3D%22%28.%2A%3F%29%22.%2A%3Fimg%20src%3D%22%28.%2A%3F%29%22%27%2C%20%27page%27%3A%20u%27http%3A//www.crtvg.es%5Bmakelist9.param1%5D%27%7D%7D&amp;iconimage=https%3A%2F%2Fmedia.tvalacarta.info%2Fcanales%2F256x256%2Ftvginfantil.png",return)</action>
	</shortcut>
	<shortcut>
		<defaultID />
		<label>[B][LOWERCASE][CAPITALIZE][COLOR lime] super3 infantil series [/COLOR][/CAPITALIZE][/LOWERCASE][/B]</label>
		<label2>Complemento de Vídeo</label2>
		<icon>DefaultShortcut.png</icon>
		<thumb>image://https%3a%2f%2flh3.googleusercontent.com%2fproxy%2fxtX2BnBSWmw_kKbLr4FP_jGmfCgozZhp6UHPV8IQtWyhRKTFHxFtIWb-2450nxWkZ3oGx5giusadN-99ADPP3TrQNXvc0geZ3Y9sulOn-CqjSRibduDrd38/</thumb>
		<action>ActivateWindow(Videos,"plugin://plugin.video.Tvchopo.Kids/?url=%24doregex%5Bmakelist11%5D&amp;mode=17&amp;regexs=%7Bu%27makelist14%27%3A%20%7B%27expres%27%3A%20u%27%22file%22%3A%22%28https%3A//mp4.%2A%3Fmp4%29%22%2C%27%2C%20%27cookiejar%27%3A%20%27%27%2C%20%27name%27%3A%20u%27makelist14%27%2C%20%27agent%27%3A%20u%27Mozilla/5.0%20%28Windows%20NT%2010.0%29%20AppleWebKit/537.36%20%28KHTML%2C%20like%20Gecko%29%20Chrome/80.0.3987.163%20Safari/537.36%27%2C%20%27page%27%3A%20u%27https%3A//dinamics.ccma.cat/pvideo/media.jsp%3Fmedia%3Dvideo%26versio%3D1%26idint%3D%5Bmakelist12.param2%5D%26profile%3Dpc%26broadcast%3Dfalse%26format%3Ddm%27%7D%2C%20u%27makelist12%27%3A%20%7B%27cookiejar%27%3A%20%27%27%2C%20%27name%27%3A%20u%27makelist12%27%2C%20%27listrepeat%27%3A%20u%27%5Cr%5Cn%3CSetViewMode%3E502%3C/SetViewMode%3E%5Cr%5Cn%3Ctitle%3E%5BB%5D%5BLOWERCASE%5D%5BCAPITALIZE%5D%5BCOLOR%20white%5D%5Bmakelist12.param4%5D%20%5B/COLOR%5D%5B/CAPITALIZE%5D%5B/LOWERCASE%5D%5B/B%5D%3C/title%3E%5Cr%5Cn%3Clink%3E%24doregex%5Bmakelist14%5D%3C/link%3E%5Cr%5Cn%3Cthumbnail%3E%5Bmakelist12.param3%5D%3C/thumbnail%3E%5Cr%5Cn%3Cfanart%3E%5Bmakelist12.param3%5D%3C/fanart%3E%5Cr%5Cn%27%2C%20%27agent%27%3A%20u%27Mozilla/5.0%20%28Windows%20NT%2010.0%29%20AppleWebKit/537.36%20%28KHTML%2C%20like%20Gecko%29%20Chrome/80.0.3987.163%20Safari/537.36%27%2C%20%27expres%27%3A%20u%27%23%24pyFunction%5Cr%5Cnimport%20re%2Crequests%5Cr%5Cndef%20GetLSProData%28page_data%2CCookie_Jar%2Cm%29%3A%5Cr%5Cn%20%20count%3D3%3Bpn%3D1%3Bdata%3D%5B%5D%5Cr%5Cn%20%20while%20pn%20%3C%3D%20int%28count%29%3A%5Cr%5Cn%20%20%20%20%20page%3D%5C%27https%3A//www.ccma.cat/Comu/standalone/tv3_super3_item_fitxa-programa_videos/contenidor/contenidorVideosStandAlone/%5C%27%2Bstr%28pn%29%2B%5C%27/%24doregex%5Bmakelist10%5D%5C%27%3Bsource%3Drequests.get%28page%29.content.decode%28%5C%27ascii%5C%27%2C%5C%27ignore%5C%27%29%5Cr%5Cn%20%20%20%20%20data%20%2B%3Dre.findall%28%5C%27%28%3Fs%29class%3D%22M-destacat.%2A%3Fmedia-object%22%20href%3D%22%28.%2A%3Fvideo/%28.%2A%3F%29/%29%22.%2A%3Fsrc%3D%22%28.%2A%3F%29%22.%2A%3Fdestacat_.%2A%3F%22%3E%28.%2A%3F%29%3C%5C%27%2Csource%29%3Bpn%20%2B%3D1%5Cr%5Cn%20%20return%20data%5Cr%5Cn%20%20%27%2C%20%27page%27%3A%20None%7D%2C%20u%27makelist11%27%3A%20%7B%27cookiejar%27%3A%20%27%27%2C%20%27name%27%3A%20u%27makelist11%27%2C%20%27listrepeat%27%3A%20u%27%5Cr%5Cn%3CSetViewMode%3E502%3C/SetViewMode%3E%5Cr%5Cn%3Ctitle%3E%5BB%5D%5BLOWERCASE%5D%5BCAPITALIZE%5D%5BCOLOR%20white%5D%5Bmakelist11.param1%5D%20%5B/COLOR%5D%5B/CAPITALIZE%5D%5B/LOWERCASE%5D%5B/B%5D%3C/title%3E%5Cr%5Cn%3Clink%3E%24doregex%5Bmakelist12%5D%3C/link%3E%5Cr%5Cn%3Cthumbnail%3Ehttps%3A%5Bmakelist11.param3%5D%3C/thumbnail%3E%5Cr%5Cn%3Cfanart%3Ehttps%3A%5Bmakelist11.param3%5D%3C/fanart%3E%5Cr%5Cn%27%2C%20%27agent%27%3A%20u%27Mozilla/5.0%20%28Windows%20NT%2010.0%29%20AppleWebKit/537.36%20%28KHTML%2C%20like%20Gecko%29%20Chrome/80.0.3987.163%20Safari/537.36%27%2C%20%27expres%27%3A%20u%27%28%3Fs%29class%3D%22M-separadorSeccio%22%3E.%2A%3FContenidorIntern%20%22%3E.%2A%3Fa%20title%3D%22%28.%2A%3F%29%22.%2A%3Fhref%3D%22%28.%2A%3F%29%22.%2A%3Fsrc%3D%22%28.%2A%3F%29%22.%2A%3F%3C%27%2C%20%27page%27%3A%20u%27https%3A//www.ccma.cat/tv3/super3/series-i-programes/%27%7D%2C%20u%27makelist10%27%3A%20%7B%27expres%27%3A%20u%27data-url%3D%22.%2A%3FcontenidorVideosStandAlone/.%2A%3F/%28.%2A%3F%29%22%27%2C%20%27cookiejar%27%3A%20%27%27%2C%20%27name%27%3A%20u%27makelist10%27%2C%20%27agent%27%3A%20u%27Mozilla/5.0%20%28Windows%20NT%2010.0%29%20AppleWebKit/537.36%20%28KHTML%2C%20like%20Gecko%29%20Chrome/80.0.3987.163%20Safari/537.36%27%2C%20%27page%27%3A%20u%27https%3A//www.ccma.cat%5Bmakelist11.param2%5Dvideos/%27%7D%7D&amp;iconimage=https%3A%2F%2Flh3.googleusercontent.com%2Fproxy%2FxtX2BnBSWmw_kKbLr4FP_jGmfCgozZhp6UHPV8IQtWyhRKTFHxFtIWb-2450nxWkZ3oGx5giusadN-99ADPP3TrQNXvc0geZ3Y9sulOn-CqjSRibduDrd38",return)</action>
	</shortcut>
	<shortcut>
		<defaultID />
		<label>[B][LOWERCASE][CAPITALIZE][COLOR aqua] pakapakaseries [/COLOR][/CAPITALIZE][/LOWERCASE][/B]</label>
		<label2>Complemento de Vídeo</label2>
		<icon>DefaultShortcut.png</icon>
		<thumb>image://https%3a%2f%2fapi.tvpublica.com.ar%2fwp-content%2fuploads%2f2018%2f11%2fPakapaka1-1.jpg/</thumb>
		<action>ActivateWindow(Videos,"plugin://plugin.video.Tvchopo.Kids/?url=%24doregex%5Bmakelist9%5D&amp;mode=17&amp;regexs=%7Bu%27makelist11%27%3A%20%7B%27cookiejar%27%3A%20%27%27%2C%20%27name%27%3A%20u%27makelist11%27%2C%20%27listrepeat%27%3A%20u%27%5Cr%5Cn%3CSetViewMode%3E502%3C/SetViewMode%3E%5Cr%5Cn%3Ctitle%3E%5BB%5D%5BLOWERCASE%5D%5BCAPITALIZE%5D%5BCOLOR%20white%5D%5Bmakelist10.param3%5D%20%5BCOLOR%20gold%5D%5Bmakelist11.param2%5D%5B/COLOR%5D%5B/CAPITALIZE%5D%5B/LOWERCASE%5D%5B/B%5D%3C/title%3E%5Cr%5Cn%3Clink%3Ehttp%3A//recursos.pakapaka.gov.ar/repositorio/video/ver%3Ffile_id%3D%5Bmakelist11.param1%5D%3C/link%3E%5Cr%5Cn%3Cthumbnail%3Ehttps%3A//api.tvpublica.com.ar/wp-content/uploads/2018/11/Pakapaka1-1.jpg%3C/thumbnail%3E%5Cr%5Cn%3Cfanart%3Ehttps%3A//www.infobae.com/new-resizer/xi4GJ5C5GfX7IKqkJFNfgW2zd6Y%3D/750x0/filters%3Aquality%28100%29/s3.amazonaws.com/arc-wordpress-client-uploads/infobae-wp/wp-content/uploads/2017/06/27181110/Pakapaka-2.jpg%3C/fanart%3E%5Cr%5Cn%27%2C%20%27agent%27%3A%20u%27Mozilla/5.0%20%28Windows%20NT%2010.0%29%20AppleWebKit/537.36%20%28KHTML%2C%20like%20Gecko%29%20Chrome/80.0.3987.163%20Safari/537.36%27%2C%20%27expres%27%3A%20u%27glow%26id%3D%28.%2A%3F%29%22.%2A%3F%5C%5Cn%2A.%2A%3Flabel%3A%20.%28.%2A%3F%29%22%27%2C%20%27page%27%3A%20u%27http%3A//www.pakapaka.gob.ar/videos/%5Bmakelist10.param1%5D%27%7D%2C%20u%27makelist9%27%3A%20%7B%27cookiejar%27%3A%20%27%27%2C%20%27name%27%3A%20u%27makelist9%27%2C%20%27listrepeat%27%3A%20u%27%5Cr%5Cn%3CSetViewMode%3E502%3C/SetViewMode%3E%5Cr%5Cn%3Ctitle%3E%5BB%5D%5BLOWERCASE%5D%5BCAPITALIZE%5D%5BCOLOR%20white%5D%5Bmakelist9.param3%5D%20%5B/COLOR%5D%5B/CAPITALIZE%5D%5B/LOWERCASE%5D%5B/B%5D%3C/title%3E%5Cr%5Cn%3Clink%3E%24doregex%5Bmakelist10%5D%3C/link%3E%5Cr%5Cn%3Cthumbnail%3Ehttps%3A//api.tvpublica.com.ar/wp-content/uploads/2018/11/Pakapaka1-1.jpg%3C/thumbnail%3E%5Cr%5Cn%3Cfanart%3Ehttps%3A//www.infobae.com/new-resizer/xi4GJ5C5GfX7IKqkJFNfgW2zd6Y%3D/750x0/filters%3Aquality%28100%29/s3.amazonaws.com/arc-wordpress-client-uploads/infobae-wp/wp-content/uploads/2017/06/27181110/Pakapaka-2.jpg%3C/fanart%3E%5Cr%5Cn%27%2C%20%27agent%27%3A%20u%27Mozilla/5.0%20%28Windows%20NT%2010.0%29%20AppleWebKit/537.36%20%28KHTML%2C%20like%20Gecko%29%20Chrome/80.0.3987.163%20Safari/537.36%27%2C%20%27expres%27%3A%20u%27%23%24pyFunction%5Cr%5Cnimport%20re%2Crequests%5Cr%5Cndef%20GetLSProData%28page_data%2CCookie_Jar%2Cm%29%3A%5Cr%5Cn%20%20count%3D5%3Bpn%3D1%3Bdata%3D%5B%5D%5Cr%5Cn%20%20while%20pn%20%3C%3D%20int%28count%29%3A%5Cr%5Cn%20%20%20%20%20page%3D%5C%27http%3A//www.pakapaka.gob.ar/videos/dataAjax%3Fpagina%3D%5C%27%2Bstr%28pn%29%3Bsource%3Drequests.get%28page%29.content.decode%28%5C%27ascii%5C%27%2C%5C%27ignore%5C%27%29%5Cr%5Cn%20%20%20%20%20data%20%2B%3Dre.findall%28%5C%27%28%3Fs%29href%3D%22/series/%28.%2A%3F%29%22.%2A%3Fimage%3A%20url.%28.%2A%3F%29.%22.%2A%3Ftipo-serie%22%3E%28.%2A%3F%29%3C%5C%27%2Csource%29%3Bpn%20%2B%3D1%5Cr%5Cn%20%20return%20data%5Cr%5Cn%20%20%27%2C%20%27page%27%3A%20None%7D%2C%20u%27makelist10%27%3A%20%7B%27cookiejar%27%3A%20%27%27%2C%20%27name%27%3A%20u%27makelist10%27%2C%20%27listrepeat%27%3A%20u%27%5Cr%5Cn%3CSetViewMode%3E502%3C/SetViewMode%3E%5Cr%5Cn%3Ctitle%3E%5BB%5D%5BLOWERCASE%5D%5BCAPITALIZE%5D%5BCOLOR%20white%5D%5Bmakelist10.param3%5D%20%5B/COLOR%5D%5B/CAPITALIZE%5D%5B/LOWERCASE%5D%5B/B%5D%3C/title%3E%5Cr%5Cn%3Clink%3E%24doregex%5Bmakelist11%5D%3C/link%3E%5Cr%5Cn%3Cthumbnail%3Ehttps%3A//api.tvpublica.com.ar/wp-content/uploads/2018/11/Pakapaka1-1.jpg%3C/thumbnail%3E%5Cr%5Cn%3Cfanart%3Ehttps%3A//www.infobae.com/new-resizer/xi4GJ5C5GfX7IKqkJFNfgW2zd6Y%3D/750x0/filters%3Aquality%28100%29/s3.amazonaws.com/arc-wordpress-client-uploads/infobae-wp/wp-content/uploads/2017/06/27181110/Pakapaka-2.jpg%3C/fanart%3E%5Cr%5Cn%27%2C%20%27agent%27%3A%20u%27Mozilla/5.0%20%28Windows%20NT%2010.0%29%20AppleWebKit/537.36%20%28KHTML%2C%20like%20Gecko%29%20Chrome/80.0.3987.163%20Safari/537.36%27%2C%20%27expres%27%3A%20u%27%23%24pyFunction%5Cr%5Cnimport%20re%2Crequests%5Cr%5Cndef%20GetLSProData%28page_data%2CCookie_Jar%2Cm%29%3A%5Cr%5Cn%20%20count%3D3%3Bpn%3D1%3Bdata%3D%5B%5D%5Cr%5Cn%20%20while%20pn%20%3C%3D%20int%28count%29%3A%5Cr%5Cn%20%20%20%20%20page%3D%5C%27http%3A//www.pakapaka.gob.ar/series/dataAjax/%5Bmakelist9.param1%5D%3Fpagina%3D%5C%27%2Bstr%28pn%29%3Bsource%3Drequests.get%28page%29.content.decode%28%5C%27ascii%5C%27%2C%5C%27ignore%5C%27%29%5Cr%5Cn%20%20%20%20%20data%20%2B%3Dre.findall%28%5C%27%28%3Fs%29href%3D%22/videos/%28.%2A%3F%29%22.%2A%3Fimage%3A%20url.%28.%2A%3F%29.%22.%2A%3Fvideo%22%3E%28.%2A%3F%29%3C%5C%27%2Csource%29%3Bpn%20%2B%3D1%5Cr%5Cn%20%20return%20data%5Cr%5Cn%20%20%27%2C%20%27page%27%3A%20None%7D%7D&amp;iconimage=https%3A%2F%2Fapi.tvpublica.com.ar%2Fwp-content%2Fuploads%2F2018%2F11%2FPakapaka1-1.jpg",return)</action>
	</shortcut>
	<shortcut>
		<defaultID />
		<label>[B][LOWERCASE][CAPITALIZE][COLOR white] series netflix[/CAPITALIZE][/LOWERCASE][/B][/COLOR]</label>
		<label2>Complemento de Vídeo</label2>
		<icon>DefaultShortcut.png</icon>
		<thumb>image://https%3a%2f%2fi.ytimg.com%2fvi%2f3NNUkTm1nZk%2fmaxresdefault.jpg/</thumb>
		<action>ActivateWindow(Videos,"plugin://plugin.video.Tvchopo.Kids/?url=%24doregex%5Bmakelist8%5D&amp;mode=17&amp;regexs=%7Bu%27makelist8%27%3A%20%7B%27x-req%27%3A%20u%27XMLHttpRequest%27%2C%20%27name%27%3A%20u%27makelist8%27%2C%20%27listrepeat%27%3A%20u%27%5Cr%5Cn%20%20%3Ctitle%3E%5BB%5D%5BLOWERCASE%5D%5BCAPITALIZE%5D%5B/CAPITALIZE%5D%20%5BCOLOR%20white%5D%5Bmakelist8.param2%5D%20%5BCOLOR%20red%5D%5B/LOWERCASE%5D%5B/B%5D%5B/COLOR%5D%3C/title%3E%5Cr%5Cn%3Cthumbnail%3E%5Bmakelist8.param1%5D%3C/thumbnail%3E%5Cr%5Cn%3Cfanart%3E%5Bmakelist8.param1%5D%3C/fanart%3E%5Cr%5Cn%20%20%3Clink%3E%24doregex%5Bmakelist5%5D%3C/link%3E%5Cr%5Cn%27%2C%20%27accept%27%3A%20u%27%2A/%2A%27%2C%20%27expres%27%3A%20u%27%28%3Fs%29class%3D%22elemento%22%20id%3D%22item-.%2A%3Fa%20href%3D%22%28.%2A%3F%29%22.%2A%3Falt%3D%22%28%5B%5E%22%3A%5D%2B%29.%2A%3F%27%2C%20%27referer%27%3A%20u%27https%3A//listas.20minutos.es/lista/los-mejores-actores-de-accion-el-cine-252558/%27%2C%20%27agent%27%3A%20u%27Mozilla/5.0%20%28Windows%20NT%2010.0%29%20AppleWebKit/537.36%20%28KHTML%2C%20like%20Gecko%29%20Chrome/80.0.3987.163%20Safari/537.36%27%2C%20%27page%27%3A%20u%27https%3A//listas.20minutos.es/lista/series-animadas-originales-de-netflix-441407/%27%7D%2C%20u%27titulo2%27%3A%20%7B%27expres%27%3A%20u%22%24pyFunction%3A%28%27%5Bmakelist8.param2%5D%27%29.replace%28%27%20%27%2C%27%2B%27%29.replace%28%27%5Cxe1%27%2C%27a%27%29.replace%28%27%5Cxc1%27%2C%27A%27%29.replace%28%27%5Cxc9%27%2C%27E%27%29.replace%28%27%5Cxe9%27%2C%27e%27%29.replace%28%27%5Cxed%27%2C%27i%27%29.replace%28%27%5Cxcd%27%2C%27I%27%29.replace%28%27%5Cxd3%27%2C%27O%27%29.replace%28%27%5Cxf3%27%2C%27o%27%29.replace%28%27%5Cxfa%27%2C%27u%27%29.replace%28%27%5Cxda%27%2C%27U%27%29.replace%28%27.%27%2C%27%27%29.replace%28%27%28%27%2C%27%27%29.replace%28%27%29%27%2C%27%27%29%22%2C%20%27name%27%3A%20u%27titulo2%27%2C%20%27agent%27%3A%20u%27Mozilla/5.0%20%28Windows%20NT%2010.0%29%20AppleWebKit/537.36%20%28KHTML%2C%20like%20Gecko%29%20Chrome/80.0.3987.163%20Safari/537.36%27%2C%20%27page%27%3A%20None%7D%2C%20u%27makelist5%27%3A%20%7B%27listrepeat%27%3A%20u%27%5Cr%5Cn%3CSetViewMode%3E55%3C/SetViewMode%3E%5Cr%5Cn%3Ctitle%3E%5BB%5D%5BLOWERCASE%5D%5BCAPITALIZE%5D%5BCOLOR%20white%5D%5Bmakelist5.param2%5D%5B/CAPITALIZE%5D%5B/LOWERCASE%5D%5B/B%5D%5B/COLOR%5D%3C/title%3E%5Cr%5Cn%3Clink%3E%24doregex%5Btorete%5D%3C/link%3E%5Cr%5Cn%3Cthumbnail%3E%5Bmakelist8.param1%5D%3C/thumbnail%3E%5Cr%5Cn%3Cfanart%3E%5Bmakelist8.param1%5D%3C/fanart%3E%5Cr%5Cn%27%2C%20%27expres%27%3A%20u%27class%3D%22.%2A%3Fhref%3D%22%28%5B%5E%22%5C%27%5D%2B%29.%2A%3Fsp%3B%28%5B%5E%3C%5C%27%5D%2B%29.%2A%3F%27%2C%20%27name%27%3A%20u%27makelist5%27%2C%20%27agent%27%3A%20u%27Mozilla/5.0%20%28Windows%20NT%2010.0%29%20AppleWebKit/537.36%20%28KHTML%2C%20like%20Gecko%29%20Chrome/80.0.3987.163%20Safari/537.36%27%2C%20%27page%27%3A%20u%27https%3A//www.seriespapaya.net/serie/%24doregex%5Bjson%5D%27%7D%2C%20u%27torete%27%3A%20%7B%27listrepeat%27%3A%20u%27%5Cr%5Cn%3CSetwatchMode%3E55%3C/SetwatchMode%3E%5Cr%5Cn%3Ctitle%3E%5BB%5D%5BLOWERCASE%5D%5BCAPITALIZE%5D%5BCOLOR%20yellow%5D%5Bmakelist5.param2%5D%20%20%5BCOLOR%20white%5D%5Btorete.param2%5D%20%5BCOLOR%20red%5D%5Btorete.param1%5D%5Cr%5Cn%5B/CAPITALIZE%5D%5B/LOWERCASE%5D%5B/B%5D%5B/COLOR%5D%3C/title%3E%5Cr%5Cn%20%3Clink%3E%24doregex%5Btorete1%5D%3C/link%3E%5Cr%5Cn%3Cthumbnail%3E%5Bmakelist8.param1%5D%3C/thumbnail%3E%5Cr%5Cn%3Cfanart%3E%5Bmakelist8.param1%5D%3C/fanart%3E%5Cr%5Cn%27%2C%20%27expres%27%3A%20u%27%28%3Fi%29mtos%22%3E.%2A%3F%5C%5Cn.%2A%3F%22%3E%5C%5Cn.%2A%3Fimages/%28.%2A%3F%29.png%22%20/%3E%5C%5Cn.%2A%3Fdiv%3E%5C%5Cn.%2A%3F%22%3E%5C%5Cn.%2A%3F%5C%5Cn.%2A%3F%5C%5Cn.%2A%3Fonline/%28clipwatching.%2A%3F%7Cflix555.%2A%3F%7Cgamovideo.%2A%3F%7Cvidoza.%2A%3F%7Cjetload.%2A%3F%7CGOUD.%2A%3F%7CFEMBED.%2A%3F%7Cok.%2A%3F%29.png.%2A%3F%3C/div%3E%5C%5Cn.%2A%3Fdenlace%22%3E%5C%5Cn.%2A%3Fhref%3D%22%28.%2A%3F%29%22.%2A%3F%27%2C%20%27name%27%3A%20u%27torete%27%2C%20%27agent%27%3A%20u%27Mozilla/5.0%20%28Windows%20NT%2010.0%29%20AppleWebKit/537.36%20%28KHTML%2C%20like%20Gecko%29%20Chrome/80.0.3987.163%20Safari/537.36%27%2C%20%27page%27%3A%20u%27https%3A//www.seriespapaya.net/%5Bmakelist5.param1%5D%27%7D%2C%20u%27titulo4%27%3A%20%7B%27expres%27%3A%20u%22%24pyFunction%3A%28%27%24doregex%5Btitulo2%5D%27%29.replace%28%27The%2BFresh%2BPrince%2Bof%27%2C%27el%2Bprincipe%2Bde%27%29.replace%28%27The%2BX%2BFiles%27%2C%27Los%2BExpedientes%2Bsecretos%2BX%27%29.replace%28%27Drake%2Band%2BJosh%27%2C%27Drake%2By%2BJosh%27%29.replace%28%27Star%2BTrek%27%2C%27Star%2BTrek%2BLa%2Bserie%2Boriginal%27%29.replace%28%27Freaks%2Band%2BGeeks%2BJovenes%2By%2BRevelde%29%27%2C%27freaks%2Band%2Bgeeks%27%29.replace%28%27su%2Bmadre%27%2C%27vuestra%2Bmadre%27%29.replace%28%27%2B1ra%2Bgeneracion%27%2C%27%27%29%22%2C%20%27name%27%3A%20u%27titulo4%27%2C%20%27agent%27%3A%20u%27Mozilla/5.0%20%28Windows%20NT%2010.0%29%20AppleWebKit/537.36%20%28KHTML%2C%20like%20Gecko%29%20Chrome/80.0.3987.163%20Safari/537.36%27%2C%20%27page%27%3A%20None%7D%2C%20u%27torete1%27%3A%20%7B%27expres%27%3A%20u%27%23%24pyFunction%5Cr%5Cndef%20GetLSProData%28page_data%2CCookie_Jar%2Cm%2Curl%3D%20%5C%27%24doregex%5Btorete4%5D%5C%27%29%3A%5Cr%5Cn%20%20%20%20import%20re%2C%20requests%2C%20resolveurl%2C%20xbmc%5Cr%5Cn%20%20%20%20if%20%5C%27gamo%5C%27%20in%20url%3A%5Cr%5Cn%20%20%20%20%20%20%20%20try%3A%5Cr%5Cn%20%20%20%20%20%20%20%20%20%20%20%20from%20resolveurl.plugins.lib%20import%20jsunpack%5Cr%5Cn%20%20%20%20%20%20%20%20%20%20%20%20ua%20%3D%20%5C%27Mozilla/5.0%20%28Windows%20NT%2010.0%29%20AppleWebKit/537.36%20%28KHTML%2C%20like%20Gecko%29%20Chrome/80.0.3987.149%20Safari/537.36%5C%27%5Cr%5Cn%20%20%20%20%20%20%20%20%20%20%20%20url%3D%5C%27%24doregex%5Btorete4%5D%5C%27%5Cr%5Cn%20%20%20%20%20%20%20%20%20%20%20%20s%3Drequests.session%28%29%5Cr%5Cn%20%20%20%20%20%20%20%20%20%20%20%20rsource%3Ds.get%28url%2C%20headers%3D%7B%5C%27User-Agent%5C%27%3A%20ua%7D%2C%20%20verify%3DFalse%29%5Cr%5Cn%20%20%20%20%20%20%20%20%20%20%20%20source%3Ds.get%28url%2C%20headers%3D%7B%5C%27User-Agent%5C%27%3A%20ua%7D%2C%20%20verify%3DFalse%29%5Cr%5Cn%20%20%20%20%20%20%20%20%20%20%20%20pack%20%3D%20re.findall%28%5C%27javascript.%2A%3F%28eval%5C%5C%28function%5C%5C%28p%2Ca%2Cc%2Ck%2Ce%2Cd.%2A%29%5C%27%2C%20source.text%29%5B0%5D%5Cr%5Cn%20%20%20%20%20%20%20%20%20%20%20%20unpack%3Djsunpack.unpack%28pack%29.replace%28%5C%27%5C%5C%5C%5C%5C%27%2C%20%5C%27%5C%27%29%5Cr%5Cn%20%20%20%20%20%20%20%20%20%20%20%20return%20re.findall%28%5C%27file%3A%5C%5Cs%2A%22%28http.%2A%3F%29%22%5C%27%2C%20unpack%29%5B0%5D%2B%5C%27%7CUser-Agent%3D%5C%27%2Bua%5Cr%5Cn%20%20%20%20%20%20%20%20except%3A%5Cr%5Cn%20%20%20%20%20%20%20%20%20%20%20%20u%20%3D%20xbmc.executebuiltin%28%5C%27XBMC.Notification%28%5BB%5D%5BLOWERCASE%5D%5BCAPITALIZE%5D%5BCOLOR%20white%5Denlace%20%20%5BCOLOR%20red%5Dborrado%20%5B/CAPITALIZE%5D%5B/LOWERCASE%5D%5B/B%5D%5B/COLOR%5D%2C%5BB%5D%5BLOWERCASE%5D%5BCAPITALIZE%5D%5BCOLOR%20white%5Delige%20otro%20%5B/CAPITALIZE%5D%5B/LOWERCASE%5D%5B/B%5D%5B/COLOR%5D%2C%204000%29%5C%27%29%20%20%5Cr%5Cn%20%20%20%20%20%20%20%20return%20u%5Cr%5Cn%20%20%20%20if%20%5C%27clipwat%5C%27%20in%20url%3A%5Cr%5Cn%20%20%20%20%20%20%20%20try%3A%5Cr%5Cn%20%20%20%20%20%20%20%20%20%20%20%20return%20%20re.findall%28%5C%27sources%3A%20.%22%28.%2A%3F%29%22%5C%27%2Crequests.get%28%5C%27%24doregex%5Btorete4%5D%5C%27%2Cheaders%3D%7B%5C%27user-agent%5C%27%3A%5C%27Mozilla/5.0%20%28Windows%20NT%2010.0%29%20AppleWebKit/537.36%20%28KHTML%2C%20like%20Gecko%29%20Chrome/80.0.3987.149%20Safari/537.36%5C%27%7D%2Cverify%3DFalse%29.content%29%5B0%5D%5Cr%5Cn%20%20%20%20%20%20%20%20except%3A%5Cr%5Cn%20%20%20%20%20%20%20%20%20%20%20%20u%20%3D%20xbmc.executebuiltin%28%5C%27XBMC.Notification%28%5BB%5D%5BLOWERCASE%5D%5BCAPITALIZE%5D%5BCOLOR%20white%5Denlace%20%20%5BCOLOR%20red%5Dborrado%20%5B/CAPITALIZE%5D%5B/LOWERCASE%5D%5B/B%5D%5B/COLOR%5D%2C%5BB%5D%5BLOWERCASE%5D%5BCAPITALIZE%5D%5BCOLOR%20white%5Delige%20otro%20%5B/CAPITALIZE%5D%5B/LOWERCASE%5D%5B/B%5D%5B/COLOR%5D%2C%204000%29%5C%27%29%5Cr%5Cn%20%20%20%20%20%20%20%20%20%20%20%20return%20u%5Cr%5Cn%20%20%20%20if%20%5C%27fli%5C%27%20in%20url%3A%5Cr%5Cn%20%20%20%20%20%20%20%20try%3A%5Cr%5Cn%20%20%20%20%20%20%20%20%20%20%20%20from%20resolveurl.plugins.lib%20import%20jsunpack%5Cr%5Cn%20%20%20%20%20%20%20%20%20%20%20%20ua%20%3D%20%5C%27Mozilla/5.0%20%28Windows%20NT%2010.0%29%20AppleWebKit/537.36%20%28KHTML%2C%20like%20Gecko%29%20Chrome/80.0.3987.149%20Safari/537.36%5C%27%5Cr%5Cn%20%20%20%20%20%20%20%20%20%20%20%20url%3D%5C%27%24doregex%5Btorete4%5D%5C%27%5Cr%5Cn%20%20%20%20%20%20%20%20%20%20%20%20s%3Drequests.session%28%29%5Cr%5Cn%20%20%20%20%20%20%20%20%20%20%20%20rsource%3Ds.get%28url%2C%20headers%3D%7B%5C%27User-Agent%5C%27%3A%20ua%7D%2C%20%20verify%3DFalse%29%5Cr%5Cn%20%20%20%20%20%20%20%20%20%20%20%20source%3Ds.get%28url%2C%20headers%3D%7B%5C%27User-Agent%5C%27%3A%20ua%7D%2C%20%20verify%3DFalse%29%5Cr%5Cn%20%20%20%20%20%20%20%20%20%20%20%20pack%20%3D%20re.findall%28%5C%27javascript.%2A%3F%28eval%5C%5C%28function%5C%5C%28p%2Ca%2Cc%2Ck%2Ce%2Cd.%2A%29%5C%27%2C%20source.text%29%5B0%5D%5Cr%5Cn%20%20%20%20%20%20%20%20%20%20%20%20unpack%3Djsunpack.unpack%28pack%29.replace%28%5C%27%5C%5C%5C%5C%5C%27%2C%20%5C%27%5C%27%29%5Cr%5Cn%20%20%20%20%20%20%20%20%20%20%20%20return%20re.findall%28%5C%27file%3A%5C%5Cs%2A%22%28http.%2A%3F%29%22%5C%27%2C%20unpack%29%5B0%5D%2B%5C%27%7CUser-Agent%3D%5C%27%2Bua%5Cr%5Cn%20%20%20%20%20%20%20%20except%3A%5Cr%5Cn%20%20%20%20%20%20%20%20%20%20%20%20u%20%3D%20xbmc.executebuiltin%28%5C%27XBMC.Notification%28%5BB%5D%5BLOWERCASE%5D%5BCAPITALIZE%5D%5BCOLOR%20white%5Denlace%20%20%5BCOLOR%20red%5Dborrado%20%5B/CAPITALIZE%5D%5B/LOWERCASE%5D%5B/B%5D%5B/COLOR%5D%2C%5BB%5D%5BLOWERCASE%5D%5BCAPITALIZE%5D%5BCOLOR%20white%5Delige%20otro%20%5B/CAPITALIZE%5D%5B/LOWERCASE%5D%5B/B%5D%5B/COLOR%5D%2C%204000%29%5C%27%29%20%20%5Cr%5Cn%20%20%20%20%20%20%20%20return%20u%5Cr%5Cn%20%20%20%20if%20%5C%27playedvid%5C%27%20in%20url%3A%5Cr%5Cn%20%20%20%20%20%20%20%20try%3A%5Cr%5Cn%20%20%20%20%20%20%20%20%20%20%20%20from%20resolveurl.plugins.lib%20import%20jsunpack%5Cr%5Cn%20%20%20%20%20%20%20%20%20%20%20%20ua%20%3D%20%5C%27Mozilla/5.0%20%28Windows%20NT%2010.0%29%20AppleWebKit/537.36%20%28KHTML%2C%20like%20Gecko%29%20Chrome/80.0.3987.149%20Safari/537.36%5C%27%5Cr%5Cn%20%20%20%20%20%20%20%20%20%20%20%20url%3D%5C%27%24doregex%5Btorete4%5D%5C%27%5Cr%5Cn%20%20%20%20%20%20%20%20%20%20%20%20s%3Drequests.session%28%29%5Cr%5Cn%20%20%20%20%20%20%20%20%20%20%20%20rsource%3Ds.get%28url%2C%20headers%3D%7B%5C%27User-Agent%5C%27%3A%20ua%7D%2C%20%20verify%3DFalse%29%5Cr%5Cn%20%20%20%20%20%20%20%20%20%20%20%20source%3Ds.get%28url%2C%20headers%3D%7B%5C%27User-Agent%5C%27%3A%20ua%7D%2C%20%20verify%3DFalse%29%5Cr%5Cn%20%20%20%20%20%20%20%20%20%20%20%20pack%20%3D%20re.findall%28%5C%27javascript.%2A%3F%28eval%5C%5C%28function%5C%5C%28p%2Ca%2Cc%2Ck%2Ce%2Cd.%2A%29%5C%27%2C%20source.text%29%5B0%5D%5Cr%5Cn%20%20%20%20%20%20%20%20%20%20%20%20unpack%3Djsunpack.unpack%28pack%29.replace%28%5C%27%5C%5C%5C%5C%5C%27%2C%20%5C%27%5C%27%29%5Cr%5Cn%20%20%20%20%20%20%20%20%20%20%20%20return%20re.findall%28%5C%27sources%3A..%2A%3Fsrc%3A%22%28.%2A%3F%29%22%5C%27%2C%20unpack%29%5B0%5D%2B%5C%27%7CUser-Agent%3D%5C%27%2Bua%5Cr%5Cn%20%20%20%20%20%20%20%20except%3A%5Cr%5Cn%20%20%20%20%20%20%20%20%20%20%20%20u%20%3D%20xbmc.executebuiltin%28%5C%27XBMC.Notification%28%5BB%5D%5BLOWERCASE%5D%5BCAPITALIZE%5D%5BCOLOR%20white%5Denlace%20%20%5BCOLOR%20red%5Dborrado%20%5B/CAPITALIZE%5D%5B/LOWERCASE%5D%5B/B%5D%5B/COLOR%5D%2C%5BB%5D%5BLOWERCASE%5D%5BCAPITALIZE%5D%5BCOLOR%20white%5Delige%20otro%20%5B/CAPITALIZE%5D%5B/LOWERCASE%5D%5B/B%5D%5B/COLOR%5D%2C%204000%29%5C%27%29%20%20%5Cr%5Cn%20%20%20%20%20%20%20%20return%20u%5Cr%5Cn%20%20%20%20if%20%5C%27jetload%5C%27%20in%20url%3A%5Cr%5Cn%20%20%20%20%20%20%20%20%20return%20re.findall%28%5C%27%28http.%2A%3Fm3u8%29%5C%27%2Crequests.get%28%5C%27%24doregex%5Btorete4%5D%5C%27%2Cheaders%3D%7B%5C%27user-agent%5C%27%3A%5C%27Mozilla/5.0%20%28Windows%20NT%2010.0%29%20AppleWebKit/537.36%20%28KHTML%2C%20like%20Gecko%29%20Chrome/80.0.3987.149%20Safari/537.36%5C%27%2C%20%5C%27Referer%5C%27%3A%20%5C%27%24doregex%5Btorete4%5D%5C%27%2C%20%5C%27Origin%5C%27%3A%20%5C%27https%3A//jetload.net/%5C%27%7D%2Cverify%3DFalse%29.content%29%5B0%5D%5Cr%5Cn%20%20%20%20else%3A%5Cr%5Cn%20%20%20%20%20%20%20%20try%3A%5Cr%5Cn%20%20%20%20%20%20%20%20%20%20%20%20url%3D%20%5C%27%24doregex%5Btorete4%5D%5C%27%5Cr%5Cn%20%20%20%20%20%20%20%20%20%20%20%20u%20%3D%20resolveurl.resolve%28url%29%20%20%20%20%20%20%20%20%5Cr%5Cn%20%20%20%20%20%20%20%20%20%20%20%20return%20u%5Cr%5Cn%20%20%20%20%20%20%20%20except%3A%5Cr%5Cn%20%20%20%20%20%20%20%20%20%20%20%20u%20%3D%20xbmc.executebuiltin%28%5C%27XBMC.Notification%28%5BB%5D%5BLOWERCASE%5D%5BCAPITALIZE%5D%5BCOLOR%20white%5Denlace%20%20%5BCOLOR%20red%5Dborrado%20%5B/CAPITALIZE%5D%5B/LOWERCASE%5D%5B/B%5D%5B/COLOR%5D%2C%5BB%5D%5BLOWERCASE%5D%5BCAPITALIZE%5D%5BCOLOR%20white%5Delige%20otro%20%5B/CAPITALIZE%5D%5B/LOWERCASE%5D%5B/B%5D%5B/COLOR%5D%2C%204000%29%5C%27%29%20%20%5Cr%5Cn%20%20%20%20%20%20%20%20return%20u%5Cr%5Cn%27%2C%20%27referer%27%3A%20None%2C%20%27name%27%3A%20u%27torete1%27%2C%20%27agent%27%3A%20u%27Mozilla/5.0%20%28Windows%20NT%2010.0%29%20AppleWebKit/537.36%20%28KHTML%2C%20like%20Gecko%29%20Chrome/80.0.3987.163%20Safari/537.36%27%2C%20%27page%27%3A%20None%7D%2C%20u%27json%27%3A%20%7B%27x-req%27%3A%20u%27XMLHttpRequest%27%2C%20%27name%27%3A%20u%27json%27%2C%20%27agent%27%3A%20u%27Mozilla/5.0%20%28Windows%20NT%2010.0%29%20AppleWebKit/537.36%20%28KHTML%2C%20like%20Gecko%29%20Chrome/80.0.3987.163%20Safari/537.36%27%2C%20%27expres%27%3A%20u%27serie..%28.%2A%3F%29%22%27%2C%20%27accept%27%3A%20u%27%2A/%2A%27%2C%20%27page%27%3A%20u%27https%3A//www.seriespapaya.net/buscar.php%3Fterm%3D%24doregex%5Btitulo4%5D%27%7D%2C%20u%27torete4%27%3A%20%7B%27expres%27%3A%20u%22location.href%3D%27%28.%2A%3F%29%27%22%2C%20%27name%27%3A%20u%27torete4%27%2C%20%27agent%27%3A%20u%27Mozilla/5.0%20%28Windows%20NT%2010.0%29%20AppleWebKit/537.36%20%28KHTML%2C%20like%20Gecko%29%20Chrome/80.0.3987.163%20Safari/537.36%27%2C%20%27page%27%3A%20u%27https%3A//www.seriespapaya.net%5Btorete.param3%5D%27%7D%7D&amp;iconimage=https%3A%2F%2Fi.ytimg.com%2Fvi%2F3NNUkTm1nZk%2Fmaxresdefault.jpg",return)</action>
	</shortcut>
	<shortcut>
		<defaultID />
		<label>[B][LOWERCASE][CAPITALIZE][B][LOWERCASE][CAPITALIZE][COLOR orange] seriespapaya infantil [/CAPITALIZE][/LOWERCASE][/B][/COLOR]</label>
		<label2>Complemento de Vídeo</label2>
		<icon>DefaultShortcut.png</icon>
		<thumb>image://https%3a%2f%2fi.imgur.com%2fP1D92cf.png/</thumb>
		<action>ActivateWindow(Videos,"plugin://plugin.video.Tvchopo.Kids/?url=%24doregex%5Bmakelist1%5D&amp;mode=17&amp;regexs=%7Bu%27titulo2%27%3A%20%7B%27expres%27%3A%20u%22%24pyFunction%3A%28%27%5Bmakelist1.param2%5D%27%29.replace%28%27-%27%2C%27%20%27%29%22%2C%20%27name%27%3A%20u%27titulo2%27%2C%20%27agent%27%3A%20u%27Mozilla/5.0%20%28Windows%20NT%2010.0%29%20AppleWebKit/537.36%20%28KHTML%2C%20like%20Gecko%29%20Chrome/80.0.3987.163%20Safari/537.36%27%2C%20%27page%27%3A%20None%7D%2C%20u%27makelist5%27%3A%20%7B%27listrepeat%27%3A%20u%27%5Cr%5Cn%3CSetViewMode%3E55%3C/SetViewMode%3E%5Cr%5Cn%3Ctitle%3E%5BCOLOR%20aquamarine%5D%5BCOLOR%20aquamarine%5D%5BB%5D%5BLIGHT%5D%5BLOWERCASE%5D%5BCAPITALIZE%5D%5Bmakelist5.param2%5D%5B/CAPITALIZE%5D%5B/LOWERCASE%5D%5B/LIGHT%5D%5B/B%5D%5B/COLOR%5D%3C/title%3E%5Cr%5Cn%3Clink%3E%24doregex%5Btorete%5D%3C/link%3E%5Cr%5Cn%3Cthumbnail%3Ehttp%3A//www.seriespapaya.nu/%5Bmakelist1.param1%5D%3C/thumbnail%3E%5Cr%5Cn%3Cfanart%3Ehttp%3A//www.seriespapaya.nu/%5Bmakelist1.param1%5D%3C/fanart%3E%5Cr%5Cn%27%2C%20%27expres%27%3A%20u%27class%3D%22.%2A%3Fhref%3D%22%28%5B%5E%22%5C%27%5D%2B%29.%2A%3Fsp%3B%28%5B%5E%3C%5C%27%5D%2B%29.%2A%3F%27%2C%20%27name%27%3A%20u%27makelist5%27%2C%20%27agent%27%3A%20u%27Mozilla/5.0%20%28Windows%20NT%2010.0%29%20AppleWebKit/537.36%20%28KHTML%2C%20like%20Gecko%29%20Chrome/80.0.3987.163%20Safari/537.36%27%2C%20%27page%27%3A%20u%27https%3A//www.seriespapaya.nu/serie/%5Bmakelist1.param2%5D.html%27%7D%2C%20u%27torete%27%3A%20%7B%27listrepeat%27%3A%20u%27%5Cr%5Cn%3CSetwatchMode%3E55%3C/SetwatchMode%3E%5Cr%5Cn%3Ctitle%3E%5BB%5D%5BLOWERCASE%5D%5BCAPITALIZE%5D%5BCOLOR%20yellow%5D%5Bmakelist5.param2%5D%20%20%5BCOLOR%20white%5D%5Btorete.param2%5D%5Btorete.param5%5D%20%5Btorete.param1%5D%5Btorete.param4%5D%5Cr%5Cn%5B/CAPITALIZE%5D%5B/LOWERCASE%5D%5B/B%5D%5B/COLOR%5D%3C/title%3E%5Cr%5Cn%20%3Clink%3E%24doregex%5Btorete1%5D%3C/link%3E%5Cr%5Cn%3Cthumbnail%3Ehttp%3A//www.seriespapaya.nu/%5Bmakelist1.param1%5D%3C/thumbnail%3E%5Cr%5Cn%3Cfanart%3Ehttp%3A//www.seriespapaya.nu/%5Bmakelist1.param1%5D%3C/fanart%3E%5Cr%5Cn%27%2C%20%27expres%27%3A%20u%27mtos%22%3E.%2A%3F%5C%5Cn.%2A%3F%22%3E%5C%5Cn.%2A%3Fimages/%28.%2A%3F%29.png%22%20/%3E%5C%5Cn.%2A%3Fdiv%3E%5C%5Cn.%2A%3F%22%3E%5C%5Cn.%2A%3F%5C%5Cn.%2A%3F%5C%5Cn.%2A%3Fonline/%28clipwatching.%2A%3F%7Cflix555.%2A%3F%7Cgamovideo.%2A%3F%7Cverystream.%2A%3F%7Cvidoza.%2A%3F%7Cwaaw.%2A%3F%7Cstreaman.%2A%3F%7Cstreamcherry.%2A%3F%29.png.%2A%3F%3C/div%3E%5C%5Cn.%2A%3Fdenlace%22%3E%5C%5Cn.%2A%3Fhref%3D%22%28.%2A%3F%29%22.%2A%3F%7Cmtos%22%3E.%2A%3F%5C%5Cn.%2A%3F%22%3E%5C%5Cn.%2A%3Fimages/%28.%2A%3F%29.png%22%20/%3E%5C%5Cn.%2A%3Fdiv%3E%5C%5Cn.%2A%3F%22%3E%5C%5Cn.%2A%3F%5C%5Cn.%2A%3F%5C%5Cn.%2A%3Fonline/%28openload.%2A%3F%29.png.%2A%3F%3C/div%3E%5C%5Cn.%2A%3Fdenlace%22%3E%5C%5Cn.%2A%3Fhref%3D%22%28.%2A%3F%29%22.%2A%3F%27%2C%20%27name%27%3A%20u%27torete%27%2C%20%27agent%27%3A%20u%27Mozilla/5.0%20%28Windows%20NT%2010.0%29%20AppleWebKit/537.36%20%28KHTML%2C%20like%20Gecko%29%20Chrome/80.0.3987.163%20Safari/537.36%27%2C%20%27page%27%3A%20u%27https%3A//www.seriespapaya.nu/%5Bmakelist5.param1%5D%27%7D%2C%20u%27makelist1%27%3A%20%7B%27listrepeat%27%3A%20u%27%5Cr%5Cn%3CSetViewMode%3E55%3C/SetViewMode%3E%5Cr%5Cn%3Ctitle%3E%5BB%5D%5BLOWERCASE%5D%5BCAPITALIZE%5D%5BCOLOR%20white%5D%20%24doregex%5Btitulo2%5D%5B/CAPITALIZE%5D%5B/LOWERCASE%5D%5B/B%5D%5B/COLOR%5D%3C/title%3E%5Cr%5Cn%3Clink%3E%24doregex%5Bmakelist5%5D%3C/link%3E%5Cr%5Cn%3Cthumbnail%3Ehttp%3A//www.seriespapaya.nu/%5Bmakelist1.param1%5D%3C/thumbnail%3E%5Cr%5Cn%3Cfanart%3Ehttp%3A//www.seriespapaya.nu/%5Bmakelist1.param1%5D%3C/fanart%3E%5Cr%5Cn%20%5Cr%5Cn%3Cinfo%3E%5Bmakelist1.param4%5D%3C/info%3E%5Cr%5Cn%27%2C%20%27expres%27%3A%20u%27%28%3Fs%29.link..doregex.makelist2../link.%5Cr%5Cn%3Cthumbnail%3Ehttp%3A//www.seriespapaya.com/%28.%2A%3F%29%3C/thumbnail%3E.%2A%3Fpage%3Ehttp%3A//www.seriespapaya.com/serie/%28.%2A%3F%29.html%3C%27%2C%20%27name%27%3A%20u%27makelist1%27%2C%20%27agent%27%3A%20u%27Mozilla/5.0%20%28Windows%20NT%2010.0%29%20AppleWebKit/537.36%20%28KHTML%2C%20like%20Gecko%29%20Chrome/80.0.3987.163%20Safari/537.36%27%2C%20%27page%27%3A%20u%27https%3A//pastebin.com/raw/eYWZTFa5%27%7D%2C%20u%27torete1%27%3A%20%7B%27expres%27%3A%20u%27%23%24pyFunction%5Cr%5Cndef%20GetLSProData%28page_data%2CCookie_Jar%2Cm%2Curl%3D%20%5C%27%24doregex%5Btorete4%5D%5C%27%29%3A%5Cr%5Cn%20%20%20%20import%20re%2C%20requests%2C%20resolveurl%2C%20xbmc%5Cr%5Cn%20%20%20%20if%20%5C%27gamo%5C%27%20in%20url%3A%5Cr%5Cn%20%20%20%20%20%20%20%20try%3A%5Cr%5Cn%20%20%20%20%20%20%20%20%20%20%20%20from%20resolveurl.plugins.lib%20import%20jsunpack%5Cr%5Cn%20%20%20%20%20%20%20%20%20%20%20%20ua%20%3D%20%5C%27Mozilla/5.0%20%28Windows%20NT%2010.0%29%20AppleWebKit/537.36%20%28KHTML%2C%20like%20Gecko%29%20Chrome/80.0.3987.149%20Safari/537.36%5C%27%5Cr%5Cn%20%20%20%20%20%20%20%20%20%20%20%20url%3D%5C%27%24doregex%5Btorete4%5D%5C%27%5Cr%5Cn%20%20%20%20%20%20%20%20%20%20%20%20s%3Drequests.session%28%29%5Cr%5Cn%20%20%20%20%20%20%20%20%20%20%20%20rsource%3Ds.get%28url%2C%20headers%3D%7B%5C%27User-Agent%5C%27%3A%20ua%7D%2C%20%20verify%3DFalse%29%5Cr%5Cn%20%20%20%20%20%20%20%20%20%20%20%20source%3Ds.get%28url%2C%20headers%3D%7B%5C%27User-Agent%5C%27%3A%20ua%7D%2C%20%20verify%3DFalse%29%5Cr%5Cn%20%20%20%20%20%20%20%20%20%20%20%20pack%20%3D%20re.findall%28%5C%27javascript.%2A%3F%28eval%5C%5C%28function%5C%5C%28p%2Ca%2Cc%2Ck%2Ce%2Cd.%2A%29%5C%27%2C%20source.text%29%5B0%5D%5Cr%5Cn%20%20%20%20%20%20%20%20%20%20%20%20unpack%3Djsunpack.unpack%28pack%29.replace%28%5C%27%5C%5C%5C%5C%5C%27%2C%20%5C%27%5C%27%29%5Cr%5Cn%20%20%20%20%20%20%20%20%20%20%20%20return%20re.findall%28%5C%27file%3A%5C%5Cs%2A%22%28http.%2A%3F%29%22%5C%27%2C%20unpack%29%5B0%5D%2B%5C%27%7CUser-Agent%3D%5C%27%2Bua%5Cr%5Cn%20%20%20%20%20%20%20%20except%3A%5Cr%5Cn%20%20%20%20%20%20%20%20%20%20%20%20u%20%3D%20xbmc.executebuiltin%28%5C%27XBMC.Notification%28%5BB%5D%5BLOWERCASE%5D%5BCAPITALIZE%5D%5BCOLOR%20white%5Denlace%20%20%5BCOLOR%20red%5Dborrado%20%5B/CAPITALIZE%5D%5B/LOWERCASE%5D%5B/B%5D%5B/COLOR%5D%2C%5BB%5D%5BLOWERCASE%5D%5BCAPITALIZE%5D%5BCOLOR%20white%5Delige%20otro%20%5B/CAPITALIZE%5D%5B/LOWERCASE%5D%5B/B%5D%5B/COLOR%5D%2C%204000%29%5C%27%29%20%20%5Cr%5Cn%20%20%20%20%20%20%20%20return%20u%5Cr%5Cn%20%20%20%20if%20%5C%27clipwat%5C%27%20in%20url%3A%5Cr%5Cn%20%20%20%20%20%20%20%20try%3A%5Cr%5Cn%20%20%20%20%20%20%20%20%20%20%20%20return%20%20re.findall%28%5C%27sources%3A%20.%22%28.%2A%3F%29%22%5C%27%2Crequests.get%28%5C%27%24doregex%5Btorete4%5D%5C%27%2Cheaders%3D%7B%5C%27user-agent%5C%27%3A%5C%27Mozilla/5.0%20%28Windows%20NT%2010.0%29%20AppleWebKit/537.36%20%28KHTML%2C%20like%20Gecko%29%20Chrome/80.0.3987.149%20Safari/537.36%5C%27%7D%2Cverify%3DFalse%29.content%29%5B0%5D%5Cr%5Cn%20%20%20%20%20%20%20%20except%3A%5Cr%5Cn%20%20%20%20%20%20%20%20%20%20%20%20u%20%3D%20xbmc.executebuiltin%28%5C%27XBMC.Notification%28%5BB%5D%5BLOWERCASE%5D%5BCAPITALIZE%5D%5BCOLOR%20white%5Denlace%20%20%5BCOLOR%20red%5Dborrado%20%5B/CAPITALIZE%5D%5B/LOWERCASE%5D%5B/B%5D%5B/COLOR%5D%2C%5BB%5D%5BLOWERCASE%5D%5BCAPITALIZE%5D%5BCOLOR%20white%5Delige%20otro%20%5B/CAPITALIZE%5D%5B/LOWERCASE%5D%5B/B%5D%5B/COLOR%5D%2C%204000%29%5C%27%29%5Cr%5Cn%20%20%20%20%20%20%20%20%20%20%20%20return%20u%5Cr%5Cn%20%20%20%20if%20%5C%27fli%5C%27%20in%20url%3A%5Cr%5Cn%20%20%20%20%20%20%20%20try%3A%5Cr%5Cn%20%20%20%20%20%20%20%20%20%20%20%20from%20resolveurl.plugins.lib%20import%20jsunpack%5Cr%5Cn%20%20%20%20%20%20%20%20%20%20%20%20ua%20%3D%20%5C%27Mozilla/5.0%20%28Windows%20NT%2010.0%29%20AppleWebKit/537.36%20%28KHTML%2C%20like%20Gecko%29%20Chrome/80.0.3987.149%20Safari/537.36%5C%27%5Cr%5Cn%20%20%20%20%20%20%20%20%20%20%20%20url%3D%5C%27%24doregex%5Btorete4%5D%5C%27%5Cr%5Cn%20%20%20%20%20%20%20%20%20%20%20%20s%3Drequests.session%28%29%5Cr%5Cn%20%20%20%20%20%20%20%20%20%20%20%20rsource%3Ds.get%28url%2C%20headers%3D%7B%5C%27User-Agent%5C%27%3A%20ua%7D%2C%20%20verify%3DFalse%29%5Cr%5Cn%20%20%20%20%20%20%20%20%20%20%20%20source%3Ds.get%28url%2C%20headers%3D%7B%5C%27User-Agent%5C%27%3A%20ua%7D%2C%20%20verify%3DFalse%29%5Cr%5Cn%20%20%20%20%20%20%20%20%20%20%20%20pack%20%3D%20re.findall%28%5C%27javascript.%2A%3F%28eval%5C%5C%28function%5C%5C%28p%2Ca%2Cc%2Ck%2Ce%2Cd.%2A%29%5C%27%2C%20source.text%29%5B0%5D%5Cr%5Cn%20%20%20%20%20%20%20%20%20%20%20%20unpack%3Djsunpack.unpack%28pack%29.replace%28%5C%27%5C%5C%5C%5C%5C%27%2C%20%5C%27%5C%27%29%5Cr%5Cn%20%20%20%20%20%20%20%20%20%20%20%20return%20re.findall%28%5C%27file%3A%5C%5Cs%2A%22%28http.%2A%3F%29%22%5C%27%2C%20unpack%29%5B0%5D%2B%5C%27%7CUser-Agent%3D%5C%27%2Bua%5Cr%5Cn%20%20%20%20%20%20%20%20except%3A%5Cr%5Cn%20%20%20%20%20%20%20%20%20%20%20%20u%20%3D%20xbmc.executebuiltin%28%5C%27XBMC.Notification%28%5BB%5D%5BLOWERCASE%5D%5BCAPITALIZE%5D%5BCOLOR%20white%5Denlace%20%20%5BCOLOR%20red%5Dborrado%20%5B/CAPITALIZE%5D%5B/LOWERCASE%5D%5B/B%5D%5B/COLOR%5D%2C%5BB%5D%5BLOWERCASE%5D%5BCAPITALIZE%5D%5BCOLOR%20white%5Delige%20otro%20%5B/CAPITALIZE%5D%5B/LOWERCASE%5D%5B/B%5D%5B/COLOR%5D%2C%204000%29%5C%27%29%20%20%5Cr%5Cn%20%20%20%20%20%20%20%20return%20u%5Cr%5Cn%20%20%20%20if%20%5C%27playedvid%5C%27%20in%20url%3A%5Cr%5Cn%20%20%20%20%20%20%20%20try%3A%5Cr%5Cn%20%20%20%20%20%20%20%20%20%20%20%20from%20resolveurl.plugins.lib%20import%20jsunpack%5Cr%5Cn%20%20%20%20%20%20%20%20%20%20%20%20ua%20%3D%20%5C%27Mozilla/5.0%20%28Windows%20NT%2010.0%29%20AppleWebKit/537.36%20%28KHTML%2C%20like%20Gecko%29%20Chrome/80.0.3987.149%20Safari/537.36%5C%27%5Cr%5Cn%20%20%20%20%20%20%20%20%20%20%20%20url%3D%5C%27%24doregex%5Btorete4%5D%5C%27%5Cr%5Cn%20%20%20%20%20%20%20%20%20%20%20%20s%3Drequests.session%28%29%5Cr%5Cn%20%20%20%20%20%20%20%20%20%20%20%20rsource%3Ds.get%28url%2C%20headers%3D%7B%5C%27User-Agent%5C%27%3A%20ua%7D%2C%20%20verify%3DFalse%29%5Cr%5Cn%20%20%20%20%20%20%20%20%20%20%20%20source%3Ds.get%28url%2C%20headers%3D%7B%5C%27User-Agent%5C%27%3A%20ua%7D%2C%20%20verify%3DFalse%29%5Cr%5Cn%20%20%20%20%20%20%20%20%20%20%20%20pack%20%3D%20re.findall%28%5C%27javascript.%2A%3F%28eval%5C%5C%28function%5C%5C%28p%2Ca%2Cc%2Ck%2Ce%2Cd.%2A%29%5C%27%2C%20source.text%29%5B0%5D%5Cr%5Cn%20%20%20%20%20%20%20%20%20%20%20%20unpack%3Djsunpack.unpack%28pack%29.replace%28%5C%27%5C%5C%5C%5C%5C%27%2C%20%5C%27%5C%27%29%5Cr%5Cn%20%20%20%20%20%20%20%20%20%20%20%20return%20re.findall%28%5C%27sources%3A..%2A%3Fsrc%3A%22%28.%2A%3F%29%22%5C%27%2C%20unpack%29%5B0%5D%2B%5C%27%7CUser-Agent%3D%5C%27%2Bua%5Cr%5Cn%20%20%20%20%20%20%20%20except%3A%5Cr%5Cn%20%20%20%20%20%20%20%20%20%20%20%20u%20%3D%20xbmc.executebuiltin%28%5C%27XBMC.Notification%28%5BB%5D%5BLOWERCASE%5D%5BCAPITALIZE%5D%5BCOLOR%20white%5Denlace%20%20%5BCOLOR%20red%5Dborrado%20%5B/CAPITALIZE%5D%5B/LOWERCASE%5D%5B/B%5D%5B/COLOR%5D%2C%5BB%5D%5BLOWERCASE%5D%5BCAPITALIZE%5D%5BCOLOR%20white%5Delige%20otro%20%5B/CAPITALIZE%5D%5B/LOWERCASE%5D%5B/B%5D%5B/COLOR%5D%2C%204000%29%5C%27%29%20%20%5Cr%5Cn%20%20%20%20%20%20%20%20return%20u%5Cr%5Cn%20%20%20%20if%20%5C%27jetload%5C%27%20in%20url%3A%5Cr%5Cn%20%20%20%20%20%20%20%20%20return%20re.findall%28%5C%27%28http.%2A%3Fm3u8%29%5C%27%2Crequests.get%28%5C%27%24doregex%5Btorete4%5D%5C%27%2Cheaders%3D%7B%5C%27user-agent%5C%27%3A%5C%27Mozilla/5.0%20%28Windows%20NT%2010.0%29%20AppleWebKit/537.36%20%28KHTML%2C%20like%20Gecko%29%20Chrome/80.0.3987.149%20Safari/537.36%5C%27%2C%20%5C%27Referer%5C%27%3A%20%5C%27%24doregex%5Btorete4%5D%5C%27%2C%20%5C%27Origin%5C%27%3A%20%5C%27https%3A//jetload.net/%5C%27%7D%2Cverify%3DFalse%29.content%29%5B0%5D%5Cr%5Cn%20%20%20%20else%3A%5Cr%5Cn%20%20%20%20%20%20%20%20try%3A%5Cr%5Cn%20%20%20%20%20%20%20%20%20%20%20%20url%3D%20%5C%27%24doregex%5Btorete4%5D%5C%27%5Cr%5Cn%20%20%20%20%20%20%20%20%20%20%20%20u%20%3D%20resolveurl.resolve%28url%29%20%20%20%20%20%20%20%20%5Cr%5Cn%20%20%20%20%20%20%20%20%20%20%20%20return%20u%5Cr%5Cn%20%20%20%20%20%20%20%20except%3A%5Cr%5Cn%20%20%20%20%20%20%20%20%20%20%20%20u%20%3D%20xbmc.executebuiltin%28%5C%27XBMC.Notification%28%5BB%5D%5BLOWERCASE%5D%5BCAPITALIZE%5D%5BCOLOR%20white%5Denlace%20%20%5BCOLOR%20red%5Dborrado%20%5B/CAPITALIZE%5D%5B/LOWERCASE%5D%5B/B%5D%5B/COLOR%5D%2C%5BB%5D%5BLOWERCASE%5D%5BCAPITALIZE%5D%5BCOLOR%20white%5Delige%20otro%20%5B/CAPITALIZE%5D%5B/LOWERCASE%5D%5B/B%5D%5B/COLOR%5D%2C%204000%29%5C%27%29%20%20%5Cr%5Cn%20%20%20%20%20%20%20%20return%20u%5Cr%5Cn%27%2C%20%27referer%27%3A%20None%2C%20%27name%27%3A%20u%27torete1%27%2C%20%27agent%27%3A%20u%27Mozilla/5.0%20%28Windows%20NT%2010.0%29%20AppleWebKit/537.36%20%28KHTML%2C%20like%20Gecko%29%20Chrome/80.0.3987.163%20Safari/537.36%27%2C%20%27page%27%3A%20None%7D%2C%20u%27torete4%27%3A%20%7B%27expres%27%3A%20u%22location.href%3D%27%28.%2A%3F%29%27%22%2C%20%27name%27%3A%20u%27torete4%27%2C%20%27agent%27%3A%20u%27Mozilla/5.0%20%28Windows%20NT%2010.0%29%20AppleWebKit/537.36%20%28KHTML%2C%20like%20Gecko%29%20Chrome/80.0.3987.163%20Safari/537.36%27%2C%20%27page%27%3A%20u%27https%3A//www.seriespapaya.nu%5Btorete.param3%5D%27%7D%7D&amp;iconimage=https%3A%2F%2Fi.imgur.com%2FP1D92cf.png",return)</action>
	</shortcut>
	<shortcut>
		<defaultID />
		<label>[B][LOWERCASE][CAPITALIZE][/CAPITALIZE] [COLOR red]retroseriestv [COLOR red]animacion[/LOWERCASE][/B][/COLOR]</label>
		<label2>Complemento de Vídeo</label2>
		<icon>DefaultShortcut.png</icon>
		<thumb>image://https%3a%2f%2fi.imgur.com%2fhkMvrC4.jpg/</thumb>
		<action>ActivateWindow(Videos,"plugin://plugin.video.Tvchopo.Kids/?url=%24doregex%5Btorete3%5D&amp;mode=17&amp;regexs=%7Bu%27torete1%27%3A%20%7B%27listrepeat%27%3A%20u%27%5Cr%5Cn%20%20%3Ctitle%3E%5BB%5D%5BLOWERCASE%5D%5BCAPITALIZE%5D%5B/CAPITALIZE%5D%5BCOLOR%20white%5D%5Btorete1.param1%5D%20%5BCOLOR%20gold%5D%5Btorete1.param4%5D-%5BCOLOR%20white%5D%5Btorete1.param5%5D%5B/LOWERCASE%5D%5B/B%5D%5B/COLOR%5D%3C/title%3E%5Cr%5Cn%3Cthumbnail%3E%5Btorete6.param2%5D%3C/thumbnail%3E%5Cr%5Cn%3Cfanart%3Ehttps%3A//i.imgur.com/oArwph7.jpg%3C/fanart%3E%5Cr%5Cn%20%20%3Clink%3E%24doregex%5Bplayvideo%5D%3C/link%3E%5Cr%5Cn%27%2C%20%27expres%27%3A%20u%27%23%24pyFunction%5Cr%5Cndef%20GetLSProData%28page_data%2CCookie_Jar%2Cm%29%3A%5Cr%5Cn%20%20%20import%20re%2C%20requests%5Cr%5Cn%20%20%20return%20re.findall%28%22id%3D%5C%27player-%28option-1%29.%2A%3Fdata-post%3D%5C%27%28.%2A%3F%29%5C%27%20data-nume%3D%5C%27%28.%2A%3F%29%5C%27.%2A%3Fclass%3D%5C%27title%5C%27%3E%28.%2A%3F%29%3C.%2A%3Fclass%3D%5C%27server%5C%27%3E%28.%2A%3F%29%3C%22%2Cpage_data%29%5Cr%5Cn%27%2C%20%27referer%27%3A%20None%2C%20%27name%27%3A%20u%27torete1%27%2C%20%27page%27%3A%20u%27%5Btorete4.param2%5D%27%7D%2C%20u%27playvideo%27%3A%20%7B%27x-req%27%3A%20u%27XMLHttpRequest%27%2C%20%27name%27%3A%20u%27playvideo%27%2C%20%27accept%27%3A%20u%27%2A/%2A%27%2C%20%27expres%27%3A%20u%22%23%24pyFunction%5Cr%5Cn%20%5Cr%5Cnimport%20resolveurl%5Cr%5Cn%20%5Cr%5Cndef%20GetLSProData%28page_data%2CCookie_Jar%2Cm%29%3A%5Cr%5Cn%20%5Cr%5Cn%20%20%20%20url%20%3D%20%27%24doregex%5Btorete5%5D%27%5Cr%5Cn%20%5Cr%5Cn%20%20%20%20try%3A%5Cr%5Cn%20%5Cr%5Cn%20%20%20%20%20%20%20%20u%20%3D%20resolveurl.resolve%28url%29%5Cr%5Cn%20%5Cr%5Cn%20%20%20%20except%3A%5Cr%5Cn%20%5Cr%5Cn%20%20%20%20%20%20%20%20u%20%3D%20%27%24doregex%5Boload%5D%27%5Cr%5Cn%20%5Cr%5Cn%20%20%20%20return%20u%5Cr%5Cn%22%2C%20%27referer%27%3A%20u%27%5Btorete3.param1%5D%27%2C%20%27agent%27%3A%20u%27Mozilla/5.0%20%28Windows%20NT%2010.0%3B%20rv%3A69.0%29%20Gecko/20100101%20Firefox/69.0%27%2C%20%27page%27%3A%20None%7D%2C%20u%27torete3%27%3A%20%7B%27listrepeat%27%3A%20u%27%5Cr%5Cn%20%20%3Ctitle%3E%5BB%5D%5BLOWERCASE%5D%5BCAPITALIZE%5D%5B/CAPITALIZE%5D%5BCOLOR%20white%5D%5Btorete3.param2%5D%20%5B/LOWERCASE%5D%5B/B%5D%5B/COLOR%5D%3C/title%3E%5Cr%5Cn%3Cthumbnail%3E%5Btorete3.param1%5D%3C/thumbnail%3E%5Cr%5Cn%3Cfanart%3E%5Btorete3.param1%5D%3C/fanart%3E%5Cr%5Cn%20%5Cr%5Cn%3Cinfo%3E%5BB%5D%5BLOWERCASE%5D%5BCAPITALIZE%5D%5B/CAPITALIZE%5D%20%5BCOLOR%20yellow%5D%5Btorete3.param5%5D%5B/LOWERCASE%5D%5B/B%5D%5B/COLOR%5D%3C/info%3E%5Cr%5Cn%20%20%3Clink%3E%24doregex%5Btorete4%5D%3C/link%3E%5Cr%5Cn%27%2C%20%27expres%27%3A%20u%27%23%24pyFunction%5Cr%5Cnimport%20re%2Crequests%5Cr%5Cndef%20GetLSProData%28page_data%2CCookie_Jar%2Cm%29%3A%5Cr%5Cn%20%20count%3D1%3Bpn%3D1%3Bdata%3D%5B%5D%5Cr%5Cn%20%20while%20pn%20%3C%3D%20int%28count%29%3A%5Cr%5Cn%20%20%20%20%20page%3D%5C%27https%3A//retroseriestv.com/genero/animacion/page/%5C%27%2Bstr%28pn%29%2B%5C%27/%5C%27%3Bsource%3Drequests.get%28page%29.content.decode%28%5C%27ascii%5C%27%2C%5C%27ignore%5C%27%29%5Cr%5Cn%20%20%20%20%20data%20%2B%3Dre.findall%28%5C%27class%3D%22poster%22%3E%3Cimg%20src%3D%22%28.%2A%3F%29%22.%2A%3Falt%3D%22%28.%2A%3F%29%22.%2A%3Fhref%3D%22%28.%2A%3F%29%22.%2A%3Fpan%3E%28.%2A%3F%29%3C.%2A%3Fclass%3D%22texto%22%3E%28.%2A%3F%29%3C/div%3E%5C%27%2Csource%29%3Bpn%20%2B%3D1%5Cr%5Cn%20%20return%20data%27%2C%20%27cookiejar%27%3A%20%27%27%2C%20%27name%27%3A%20u%27torete3%27%2C%20%27page%27%3A%20None%7D%2C%20u%27torete4%27%3A%20%7B%27listrepeat%27%3A%20u%27%5Cr%5Cn%20%20%3Ctitle%3E%5BB%5D%5BLOWERCASE%5D%5BCAPITALIZE%5D%5B/CAPITALIZE%5D%5BCOLOR%20red%5D%5Btorete4.param1%5D%20%5BCOLOR%20white%5D%5Btorete4.param3%5D%20%5BCOLOR%20red%5D%5Btorete4.param4%5D%5B/LOWERCASE%5D%5B/B%5D%5B/COLOR%5D%3C/title%3E%5Cr%5Cn%3Cthumbnail%3E%5Btorete3.param1%5D%3C/thumbnail%3E%5Cr%5Cn%3Cfanart%3E%5Btorete3.param1%5D%3C/fanart%3E%5Cr%5Cn%3Cgenre%3E%5Btorete3.param6%5D%3C/genre%3E%5Cr%5Cn%3Cinfo%3E%5BB%5D%5BLOWERCASE%5D%5BCAPITALIZE%5D%5B/CAPITALIZE%5D%20%5BCOLOR%20yellow%5D%5Btorete3.param5%5D%5B/LOWERCASE%5D%5B/B%5D%5B/COLOR%5D%3C/info%3E%5Cr%5Cn%20%20%3Clink%3E%24doregex%5Btorete1%5D%3C/link%3E%5Cr%5Cn%27%2C%20%27expres%27%3A%20u%27%23%24pyFunction%5Cr%5Cnimport%20re%5Cr%5Cndef%20GetLSProData%28page_data%2CCookie_Jar%2Cm%29%3A%5Cr%5Cn%20%20return%20re.findall%28%22class%3D%5C%27numerando%5C%27%3E%28.%2A%3F%29%3C.%2A%3Fhref%3D%5C%27%28.%2A%3F%29%5C%27%3E%28.%2A%3F%29%3C.%2A%3Fdate%5C%27%3E%28.%2A%3F%29%3C%22%2Cpage_data%29%5Cr%5Cn%27%2C%20%27name%27%3A%20u%27torete4%27%2C%20%27page%27%3A%20u%27%5Btorete3.param3%5D%27%7D%2C%20u%27torete5%27%3A%20%7B%27x-req%27%3A%20u%27XMLHttpRequest%27%2C%20%27name%27%3A%20u%27torete5%27%2C%20%27accept%27%3A%20u%27%2A/%2A%27%2C%20%27expres%27%3A%20u%22rptss%27%20src%3D%27%28https%3A//www.fembed.com.%2A%3F%29%27%22%2C%20%27referer%27%3A%20u%27%5Btorete4.param2%5D%27%2C%20%27agent%27%3A%20u%27Mozilla/5.0%20%28Windows%20NT%2010.0%3B%20rv%3A69.0%29%20Gecko/20100101%20Firefox/69.0%27%2C%20%27page%27%3A%20u%27https%3A//retroseriestv.com/wp-admin/admin-ajax.php%27%2C%20%27rawpost%27%3A%20u%27action%3Ddoo_player_ajax%26post%3D%5Btorete1.param2%5D%26nume%3D%5Btorete1.param3%5D%26type%3Dtv%27%7D%7D&amp;iconimage=https%3A%2F%2Fi.imgur.com%2FhkMvrC4.jpg",return)</action>
	</shortcut>
	<shortcut>
		<defaultID />
		<label>[B][LOWERCASE][CAPITALIZE][COLOR gold] mundo SERIES [COLOR gold]animadas[/CAPITALIZE][/LOWERCASE][/B][/COLOR]</label>
		<label2>Complemento de Vídeo</label2>
		<icon>DefaultShortcut.png</icon>
		<thumb>image://https%3a%2f%2fi.imgur.com%2fDu21mll.jpg/</thumb>
		<action>ActivateWindow(Videos,"plugin://plugin.video.Tvchopo.Kids/?url=%24doregex%5Bmakelist11%5D&amp;mode=17&amp;regexs=%7Bu%27media%27%3A%20%7B%27listrepeat%27%3A%20u%27%5Cr%5Cn%3CSetViewMode%3E503%3C/SetViewMode%3E%5Cr%5Cn%3Ctitle%3E%5BB%5D%5BLOWERCASE%5D%5BCAPITALIZE%5D%5BCOLOR%20white%5D%5Bmedia.param1%5D%20%20%20%5BCOLOR%20gold%5D%5Bmedia.param3%5D%20%5B/CAPITALIZE%5D%5B/LOWERCASE%5D%5B/B%5D%5B/COLOR%5D%3C/title%3E%5Cr%5Cn%3Clink%3E%24doregex%5Bmakelist4%5D%3C/link%3E%5Cr%5Cn%3Cthumbnail%3E%5Bmakelist11.param1%5D%3C/thumbnail%3E%5Cr%5Cn%3Cfanart%3E%5Bmakelist11.param1%5D%3C/fanart%3E%5Cr%5Cn%3Cinfo%3E%5BB%5D%5BLOWERCASE%5D%5BCAPITALIZE%5D%5BCOLOR%20yellow%5D%5Bmakelist11.param4%5D%5B/CAPITALIZE%5D%5B/LOWERCASE%5D%5B/B%5D%5B/COLOR%5D%3C/info%3E%5Cr%5Cn%27%2C%20%27expres%27%3A%20u%27%23%24pyFunction%5Cr%5Cndef%20GetLSProData%28page_data%2CCookie_Jar%2Cm%29%3A%5Cr%5Cn%20%20%20%20import%20re%2C%20requests%2C%20resolveurl%2C%20xbmc%5Cr%5Cn%20%20%20%20url2%20%3D%20%5C%27https%3A//www.series24.me/wp-admin/admin-ajax.php%5C%27%5Cr%5Cn%20%20%20%20headers%20%3D%20%7B%5C%27User-Agent%5C%27%3A%20%5C%27Mozilla/5.0%20%28Windows%20NT%2010.0%3B%20rv%3A74.0%29%20Gecko/20100101%20Firefox/74.0%5C%27%2C%20%5C%27Referer%5C%27%3A%20%5C%27%5Bmakelist11.param3%5D%5C%27%2C%20%5C%27Accept%5C%27%20%3A%20%5C%27%2A/%2A%5C%27%2C%20%5C%27Accept-Language%5C%27%20%3A%20%5C%27es-ES%2Ces%3Bq%3D0.8%2Cen-US%3Bq%3D0.5%2Cen%3Bq%3D0.3%5C%27%7D%5Cr%5Cn%20%20%20%20payload%20%3D%20%7B%5C%27action%5C%27%3A%5C%27seasons%5C%27%2C%20%5C%27id%5C%27%3A%5C%27%24doregex%5Bid%5D%5C%27%7D%5Cr%5Cn%20%20%20%20s%20%3D%20requests.Session%28%29%5Cr%5Cn%20%20%20%20logueo%20%3D%20s.post%28url2%2C%20headers%3Dheaders%2C%20data%3Dpayload%29%5Cr%5Cn%20%20%20%20r%20%3D%20logueo%5Cr%5Cn%20%20%20%20return%20re.findall%28%22%28%3Fs%29class%3D%5C%27numerando%5C%27%3E%28.%2A%3F%29%3C.%2A%3Fclass%3D%5C%27episodiotitle%5C%27%3E.%2A%3Fa%20href%3D%5C%27%28.%2A%3F%29%5C%27%3E%28.%2A%3F%29%3C.%2A%3F%20%22%2C%20r.content%29%5Cr%5Cn%27%2C%20%27name%27%3A%20u%27media%27%2C%20%27agent%27%3A%20None%2C%20%27page%27%3A%20None%7D%2C%20u%27makelist4%27%3A%20%7B%27listrepeat%27%3A%20u%27%5Cr%5Cn%3Ctitle%3E%5BB%5D%5BLOWERCASE%5D%5BCAPITALIZE%5D%5BCOLOR%20lime%5D%5Bmedia.param1%5D%20%5Bmakelist4.param1%5D%20%5Bmakelist4.param3%5D%5BCOLOR%20gold%5D%20%5Bmakelist4.param4%5D%5B/CAPITALIZE%5D%5B/LOWERCASE%5D%5B/B%5D%5B/COLOR%5D%3C/title%3E%5Cr%5Cn%3Clink%3E%24doregex%5Btorete5%5D%3C/link%3E%5Cr%5Cn%3Cinfo%3E%5Bmakelist11.param4%5D%3C/info%3E%5Cr%5Cn%3Cthumbnail%3E%5Bmakelist11.param1%5D%3C/thumbnail%3E%5Cr%5Cn%3Cfanart%3E%5Bmakelist11.param1%5D%3C/fanart%3E%5Cr%5Cn%27%2C%20%27expres%27%3A%20u%27%23%24pyFunction%5Cr%5Cndef%20GetLSProData%28page_data%2CCookie_Jar%2Cm%29%3A%5Cr%5Cn%20%20%20%20import%20re%2C%20requests%2C%20resolveurl%2C%20xbmc%5Cr%5Cn%20%20%20%20source1%3Drequests.get%28%5C%27%5Bmedia.param2%5D%5C%27%29%5Cr%5Cn%20%20%20%20return%20re.findall%28%22%28%3Fi%29domain%3D%28clipwatching%7Ccloudvideo%7Conlystream%7Cprostream%7Cjetload%7Cvidoza%7Cok.ru%7Cfembed%7Cgamovideo%7Cgoun%29.%2A%3F%5C%27.%2A%3Fhref%3D%5C%27%28.%2A%3F%29%5C%27.%2A%3Fquality%5C%27%3E%28.%2A%3F%29%3C.%2A%3Fflags/%28.%2A%3F%29.png%22%2C%20source1.content%29%5Cr%5Cn%27%2C%20%27name%27%3A%20u%27makelist4%27%2C%20%27agent%27%3A%20None%2C%20%27page%27%3A%20None%7D%2C%20u%27makelist11%27%3A%20%7B%27listrepeat%27%3A%20u%27%5Cr%5Cn%3CSetViewMode%3E503%3C/SetViewMode%3E%5Cr%5Cn%3Ctitle%3E%5BB%5D%5BLOWERCASE%5D%5BCAPITALIZE%5D%5BCOLOR%20lime%5D%5Bmakelist11.param2%5D%5B/CAPITALIZE%5D%5B/LOWERCASE%5D%5B/B%5D%5B/COLOR%5D%3C/title%3E%5Cr%5Cn%3Clink%3E%24doregex%5Bmedia%5D%3C/link%3E%5Cr%5Cn%3Cthumbnail%3E%5Bmakelist11.param1%5D%3C/thumbnail%3E%5Cr%5Cn%3Cfanart%3E%5Bmakelist11.param1%5D%3C/fanart%3E%5Cr%5Cn%3Cinfo%3E%5BB%5D%5BLOWERCASE%5D%5BCAPITALIZE%5D%5BCOLOR%20yellow%5D%5Bmakelist11.param4%5D%5B/CAPITALIZE%5D%5B/LOWERCASE%5D%5B/B%5D%5B/COLOR%5D%3C/info%3E%5Cr%5Cn%27%2C%20%27expres%27%3A%20u%27%23%24pyFunction%5Cr%5Cnimport%20re%2Crequests%5Cr%5Cndef%20GetLSProData%28page_data%2CCookie_Jar%2Cm%29%3A%5Cr%5Cn%20%20count%3D8%3Bpn%3D1%3Bdata%3D%5B%5D%5Cr%5Cn%20%20while%20pn%20%3C%3D%20int%28count%29%3A%5Cr%5Cn%20%20%20%20%20page%3D%5C%27https%3A//www.series24.me/series-genero/animacion/page/%5C%27%2Bstr%28pn%29%2B%5C%27/%5C%27%3Bsource%3Drequests.get%28page%29.content.decode%28%5C%27ascii%5C%27%2C%5C%27ignore%5C%27%29%5Cr%5Cn%20%20%20%20%20data%20%2B%3Dre.findall%28%5C%27article%20id%3D%22post-.%2A%3Fsrc%3D%22%28.%2A%3F%29%22.%2A%3Falt%3D%22%28.%2A%3F%29%22.%2A%3Fhref%3D%22%28.%2A%3F%29%22.%2A%3Fclass%3D%22texto%22%3E%28.%2A%3F%29%3C%5C%27%2Csource%29%3Bpn%20%2B%3D1%5Cr%5Cn%20%20return%20data%5Cr%5Cn%27%2C%20%27name%27%3A%20u%27makelist11%27%2C%20%27page%27%3A%20None%7D%2C%20u%27torete5%27%3A%20%7B%27expres%27%3A%20u%27%23%24pyFunction%5Cr%5Cndef%20GetLSProData%28page_data%2CCookie_Jar%2Cm%2Curl%3D%20%5C%27%24doregex%5Btitulo12%5D%5C%27%29%3A%5Cr%5Cn%20%20%20%20import%20re%2C%20requests%2C%20resolveurl%2C%20xbmc%5Cr%5Cn%20%20%20%20if%20%5C%27gamo%5C%27%20in%20url%3A%5Cr%5Cn%20%20%20%20%20%20%20%20try%3A%5Cr%5Cn%20%20%20%20%20%20%20%20%20%20%20%20from%20resolveurl.plugins.lib%20import%20jsunpack%5Cr%5Cn%20%20%20%20%20%20%20%20%20%20%20%20ua%20%3D%20%5C%27Mozilla/5.0%20%28Windows%20NT%2010.0%29%20AppleWebKit/537.36%20%28KHTML%2C%20like%20Gecko%29%20Chrome/80.0.3987.149%20Safari/537.36%5C%27%5Cr%5Cn%20%20%20%20%20%20%20%20%20%20%20%20url%3D%5C%27%24doregex%5Btitulo12%5D%5C%27%5Cr%5Cn%20%20%20%20%20%20%20%20%20%20%20%20s%3Drequests.session%28%29%5Cr%5Cn%20%20%20%20%20%20%20%20%20%20%20%20rsource%3Ds.get%28url%2C%20headers%3D%7B%5C%27User-Agent%5C%27%3A%20ua%7D%2C%20%20verify%3DFalse%29%5Cr%5Cn%20%20%20%20%20%20%20%20%20%20%20%20source%3Ds.get%28url%2C%20headers%3D%7B%5C%27User-Agent%5C%27%3A%20ua%7D%2C%20%20verify%3DFalse%29%5Cr%5Cn%20%20%20%20%20%20%20%20%20%20%20%20pack%20%3D%20re.findall%28%5C%27javascript.%2A%3F%28eval%5C%5C%28function%5C%5C%28p%2Ca%2Cc%2Ck%2Ce%2Cd.%2A%29%5C%27%2C%20source.text%29%5B0%5D%5Cr%5Cn%20%20%20%20%20%20%20%20%20%20%20%20unpack%3Djsunpack.unpack%28pack%29.replace%28%5C%27%5C%5C%5C%5C%5C%27%2C%20%5C%27%5C%27%29%5Cr%5Cn%20%20%20%20%20%20%20%20%20%20%20%20return%20re.findall%28%5C%27file%3A%5C%5Cs%2A%22%28http.%2A%3F%29%22%5C%27%2C%20unpack%29%5B0%5D%2B%5C%27%7CUser-Agent%3D%5C%27%2Bua%5Cr%5Cn%20%20%20%20%20%20%20%20except%3A%5Cr%5Cn%20%20%20%20%20%20%20%20%20%20%20%20u%20%3D%20xbmc.executebuiltin%28%5C%27XBMC.Notification%28%5BB%5D%5BLOWERCASE%5D%5BCAPITALIZE%5D%5BCOLOR%20white%5Denlace%20%20%5BCOLOR%20red%5Dborrado%20%5B/CAPITALIZE%5D%5B/LOWERCASE%5D%5B/B%5D%5B/COLOR%5D%2C%5BB%5D%5BLOWERCASE%5D%5BCAPITALIZE%5D%5BCOLOR%20white%5Delige%20otro%20%5B/CAPITALIZE%5D%5B/LOWERCASE%5D%5B/B%5D%5B/COLOR%5D%2C%204000%29%5C%27%29%20%20%5Cr%5Cn%20%20%20%20%20%20%20%20return%20u%5Cr%5Cn%20%5Cr%5Cn%20%20%20%20if%20%5C%27clipwat%5C%27%20in%20url%3A%5Cr%5Cn%20%20%20%20%20%20%20%20try%3A%5Cr%5Cn%20%20%20%20%20%20%20%20%20%20%20%20return%20%20re.findall%28%5C%27sources%3A%20.%22%28.%2A%3F%29%22%5C%27%2Crequests.get%28%5C%27%24doregex%5Btitulo12%5D%5C%27%2Cheaders%3D%7B%5C%27user-agent%5C%27%3A%5C%27Mozilla/5.0%20%28Windows%20NT%2010.0%29%20AppleWebKit/537.36%20%28KHTML%2C%20like%20Gecko%29%20Chrome/80.0.3987.149%20Safari/537.36%5C%27%7D%2Cverify%3DFalse%29.content%29%5B0%5D%5Cr%5Cn%20%20%20%20%20%20%20%20except%3A%5Cr%5Cn%20%20%20%20%20%20%20%20%20%20%20%20u%20%3D%20xbmc.executebuiltin%28%5C%27XBMC.Notification%28%5BB%5D%5BLOWERCASE%5D%5BCAPITALIZE%5D%5BCOLOR%20white%5Denlace%20%20%5BCOLOR%20red%5Dborrado%20%5B/CAPITALIZE%5D%5B/LOWERCASE%5D%5B/B%5D%5B/COLOR%5D%2C%5BB%5D%5BLOWERCASE%5D%5BCAPITALIZE%5D%5BCOLOR%20white%5Delige%20otro%20%5B/CAPITALIZE%5D%5B/LOWERCASE%5D%5B/B%5D%5B/COLOR%5D%2C%204000%29%5C%27%29%5Cr%5Cn%20%20%20%20%20%20%20%20%20%20%20%20return%20u%5Cr%5Cn%20%20%20%20elif%20%5C%27cloud%5C%27%20in%20url%3A%5Cr%5Cn%20%20%20%20%20%20%20%20try%3A%5Cr%5Cn%20%20%20%20%20%20%20%20%20%20%20%20return%20re.findall%28%5C%27source%20src%3D%22%28.%2A%3F%29%22%5C%27%2Crequests.get%28%5C%27%5Bmakelist4.param2%5D%5C%27%2Cheaders%3D%7B%5C%27user-agent%5C%27%3A%5C%27Mozilla/5.0%20%28Windows%20NT%2010.0%29%20AppleWebKit/537.36%20%28KHTML%2C%20like%20Gecko%29%20Chrome/80.0.3987.149%20Safari/537.36%5C%27%7D%2Cverify%3DFalse%29.content%29%5B0%5D%5Cr%5Cn%20%20%20%20%20%20%20%20except%3A%5Cr%5Cn%20%20%20%20%20%20%20%20%20%20%20%20u%20%3D%20xbmc.executebuiltin%28%5C%27XBMC.Notification%28%5BB%5D%5BLOWERCASE%5D%5BCAPITALIZE%5D%5BCOLOR%20white%5Denlace%20%20%5BCOLOR%20red%5Dborrado%20%5B/CAPITALIZE%5D%5B/LOWERCASE%5D%5B/B%5D%5B/COLOR%5D%2C%5BB%5D%5BLOWERCASE%5D%5BCAPITALIZE%5D%5BCOLOR%20white%5Delige%20otro%20%5B/CAPITALIZE%5D%5B/LOWERCASE%5D%5B/B%5D%5B/COLOR%5D%2C%204000%29%5C%27%29%20%20%5Cr%5Cn%20%20%20%20%20%20%20%20return%20u%5Cr%5Cn%20%20%20%20else%3A%5Cr%5Cn%20%20%20%20%20%20%20%20try%3A%5Cr%5Cn%20%20%20%20%20%20%20%20%20%20%20%20url%3D%20%5C%27%24doregex%5Btitulo12%5D%5C%27%5Cr%5Cn%20%20%20%20%20%20%20%20%20%20%20%20u%20%3D%20resolveurl.resolve%28url%29%20%20%20%20%20%20%20%20%5Cr%5Cn%20%20%20%20%20%20%20%20%20%20%20%20return%20u%5Cr%5Cn%20%20%20%20%20%20%20%20except%3A%5Cr%5Cn%20%20%20%20%20%20%20%20%20%20%20%20u%20%3D%20xbmc.executebuiltin%28%5C%27XBMC.Notification%28%5BB%5D%5BLOWERCASE%5D%5BCAPITALIZE%5D%5BCOLOR%20white%5Denlace%20%20%5BCOLOR%20red%5Dborrado%20%5B/CAPITALIZE%5D%5B/LOWERCASE%5D%5B/B%5D%5B/COLOR%5D%2C%5BB%5D%5BLOWERCASE%5D%5BCAPITALIZE%5D%5BCOLOR%20white%5Delige%20otro%20%5B/CAPITALIZE%5D%5B/LOWERCASE%5D%5B/B%5D%5B/COLOR%5D%2C%204000%29%5C%27%29%20%20%5Cr%5Cn%20%20%20%20%20%20%20%20return%20u%5Cr%5Cn%27%2C%20%27referer%27%3A%20None%2C%20%27name%27%3A%20u%27torete5%27%2C%20%27page%27%3A%20None%7D%2C%20u%27buscar%27%3A%20%7B%27expres%27%3A%20u%27%23%24pyFunction%5Cr%5Cnimport%20xbmc%5Cr%5Cnimport%20xbmcaddon%5Cr%5Cnimport%20xbmcgui%5Cr%5Cndef%20GetLSProData%28page_data%2CCookie_Jar%2Cm%29%3A%5Cr%5Cn%20%20%20%20dialog%20%3D%20xbmcgui.Dialog%28%29%5Cr%5Cn%20%20%20%20d%20%3D%20dialog.input%28%5C%27%5BB%5D%5BLOWERCASE%5D%5BCAPITALIZE%5D%5BCOLOR%20lime%5Dbuscar%20una%20serie%3A%20ejemplo%3A%20%5BCOLOR%20white%5Dthe%20walking%20dead%5B/COLOR%5D%5B/CAPITALIZE%5D%5B/LOWERCASE%5D%5B/B%5D%5C%27%2C%20type%3Dxbmcgui.INPUT_ALPHANUM%29.replace%28%22%20%22%2C%20%22%2B%22%29%5Cr%5Cn%20%20%20%20return%20d%5Cr%5Cn%27%2C%20%27cookiejar%27%3A%20%27%27%2C%20%27name%27%3A%20u%27buscar%27%2C%20%27page%27%3A%20None%7D%2C%20u%27id%27%3A%20%7B%27expres%27%3A%20u%27var%20id%20%20%3D%20%28.%2A%3F%29%3B%27%2C%20%27name%27%3A%20u%27id%27%2C%20%27agent%27%3A%20None%2C%20%27page%27%3A%20u%27%5Bmakelist11.param3%5D%27%7D%2C%20u%27titulo12%27%3A%20%7B%27expres%27%3A%20u%22%24pyFunction%3A%28%27%5Bmakelist4.param2%5D%27%29.replace%28%27embed-%27%2C%27%27%29%22%2C%20%27name%27%3A%20u%27titulo12%27%2C%20%27page%27%3A%20None%7D%7D&amp;iconimage=https%3A%2F%2Fi.imgur.com%2FDu21mll.jpg",return)</action>
	</shortcut>
</shortcuts>
