<?xml version='1.0' encoding='UTF-8'?>
<shortcuts>
	<shortcut>
		<defaultID />
		<label>[B][COLOR orange]Películas[/B][/COLOR]</label>
		<label2>Complemento de Vídeo</label2>
		<icon>DefaultShortcut.png</icon>
		<thumb>image://https%3a%2f%2fi.imgur.com%2f0aFgvHu.jpg/</thumb>
		<action>ActivateWindow(Videos,"plugin://plugin.video.Tvchopo.Kids/?url=https%3A%2F%2Fbit.ly%2F2xSlJoJ%24%24LSProEncKey%3DDisney%2B%24%24&amp;mode=1&amp;name=%5BB%5D%5BCOLOR+white%5DPel%C3%ADculas%5B%2FB%5D%5B%2FCOLOR%5D&amp;fanart=https%3A%2F%2Fi0.wp.com%2Frevistayume.com%2Fwp-content%2Fuploads%2F2020%2F02%2FDisney_logo_hollywood_movie-1920x1080.jpg%3Ffit%3D1920%252C1080%26ssl%3B%3D1",return)</action>
	</shortcut>
	<shortcut>
		<defaultID />
		<label>[B][COLOR white]Series[/B][/COLOR]</label>
		<label2>Complemento de Vídeo</label2>
		<icon>DefaultShortcut.png</icon>
		<thumb>image://https%3a%2f%2fi.imgur.com%2fXbJPcrG.jpg/</thumb>
		<action>ActivateWindow(Videos,"plugin://plugin.video.Tvchopo.Kids/?url=https%3A%2F%2Fbit.ly%2F2KzVJB4&amp;mode=1&amp;name=%5BB%5D%5BCOLOR+white%5DSeries%5B%2FB%5D%5B%2FCOLOR%5D&amp;fanart=https%3A%2F%2Fi0.wp.com%2Frevistayume.com%2Fwp-content%2Fuploads%2F2020%2F02%2FDisney_logo_hollywood_movie-1920x1080.jpg%3Ffit%3D1920%252C1080%26ssl%3B%3D1",return)</action>
	</shortcut>
	<shortcut>
		<defaultID />
		<label>[B][LOWERCASE][CAPITALIZE][B][LOWERCASE][CAPITALIZE][COLOR aqua] especial disney + [/CAPITALIZE][/LOWERCASE][/B][/COLOR]</label>
		<label2>Complemento de Vídeo</label2>
		<icon>DefaultShortcut.png</icon>
		<thumb>image://https%3a%2f%2fwww.pngitem.com%2fpimgs%2fb%2f29-291927_google-plus-png-logo.png/</thumb>
		<action>ActivateWindow(Videos,"plugin://plugin.video.Tvchopo.Kids/?url=https%3A%2F%2Ftextbin.net%2Fraw%2FK9hLfTlXHQ&amp;mode=1&amp;name=%5BB%5D%5BLOWERCASE%5D%5BCAPITALIZE%5D%5BB%5D%5BLOWERCASE%5D%5BCAPITALIZE%5D%5BCOLOR+white%5D+especial+disney+%2B+%5B%2FCAPITALIZE%5D%5B%2FLOWERCASE%5D%5B%2FB%5D%5B%2FCOLOR%5D&amp;fanart=https%3A%2F%2Fi0.wp.com%2Frevistayume.com%2Fwp-content%2Fuploads%2F2020%2F02%2FDisney_logo_hollywood_movie-1920x1080.jpg%3Ffit%3D1920%252C1080%26ssl%3B%3D1",return)</action>
	</shortcut>
</shortcuts>
