<?xml version='1.0' encoding='UTF-8'?>
<shortcuts>
	<shortcut>
		<defaultID />
		<label>[B][LOWERCASE][CAPITALIZE][COLOR red]agendas en directo[/COLOR][/CAPITALIZE][/LOWERCASE][/B]</label>
		<label2>Complemento de Vídeo</label2>
		<icon>DefaultShortcut.png</icon>
		<thumb>image://https%3a%2f%2f4.bp.blogspot.com%2f-ZP5Z2hanVuA%2fW0x0HuVuQVI%2fAAAAAAAAJLk%2fnu0jV_sQIRcyF5a6JR-4EJJTk0ryQdVLwCLcBGAs%2fs1600%2fphoto_2017-09-25_16-21-54.jpg/</thumb>
		<action>ActivateWindow(Videos,"plugin://plugin.video.tvchopo/?url=https%3A%2F%2Fpastebin.com%2Fraw%2FK8H9z5z9%24%24LSProEncKey%3Ddeportes%24%24&amp;mode=1&amp;name=%5BB%5D%5BLOWERCASE%5D%5BCAPITALIZE%5D%5BCOLOR+white%5Dagendas+en+directo+%5BCOLOR+red%5Drecomendado+para+ver+deportes%5B%2FCOLOR%5D%5B%2FCAPITALIZE%5D%5B%2FLOWERCASE%5D%5B%2FB%5D&amp;fanart=https%3A%2F%2F3.bp.blogspot.com%2F-KKm_kbSVleI%2FW08IXF0SN6I%2FAAAAAAAAJQ0%2FthDXlurBbkIH2HYo4YCiKvj4iIjRZ5NWgCLcBGAs%2Fs1600%2Fpmenxfh.jpg",return)</action>
	</shortcut>
	<shortcut>
		<defaultID />
		<label>[B][LOWERCASE][CAPITALIZE][COLOR aqua]fullmatch rePETICIONES [/COLOR][/CAPITALIZE][/LOWERCASE][/B]</label>
		<label2>Complemento de Vídeo</label2>
		<icon>DefaultShortcut.png</icon>
		<thumb>image://https%3a%2f%2fpbs.twimg.com%2fprofile_images%2f683367328248164352%2fIvn9ly9e.png/</thumb>
		<action>ActivateWindow(Videos,"plugin://plugin.video.tvchopo/?url=https%3A%2F%2Fpastebin.com%2Fraw%2FSpiV5k2T&amp;mode=1&amp;name=%5BB%5D%5BLOWERCASE%5D%5BCAPITALIZE%5D%5BCOLOR+white%5Dfullmatch+rePETICIONES+%5B%2FCOLOR%5D%5B%2FCAPITALIZE%5D%5B%2FLOWERCASE%5D%5B%2FB%5D&amp;fanart=https%3A%2F%2Fpbs.twimg.com%2Fprofile_images%2F863108816912748544%2FSXwtVITs_400x400.jpg",return)</action>
	</shortcut>
	<shortcut>
		<defaultID />
		<label>[B][LOWERCASE][CAPITALIZE][COLOR yellow][COLOR gold]canales de deportes mundiales[COLOR yellow][/COLOR][/CAPITALIZE][/LOWERCASE][/B]</label>
		<label2>Complemento de Vídeo</label2>
		<icon>DefaultShortcut.png</icon>
		<thumb>image://https%3a%2f%2fst-listas.20minutos.es%2fimages%2f2014-10%2f388974%2flist_640px.jpg%3f1414787761/</thumb>
		<action>ActivateWindow(Videos,"plugin://plugin.video.tvchopo/?url=https%3A%2F%2Fpastebin.com%2Fraw%2FW5PZSFcb&amp;mode=1&amp;name=%5BB%5D%5BLOWERCASE%5D%5BCAPITALIZE%5D%5BCOLOR+yellow%5D%5BCOLOR+white%5Dcanales+de+deportes%5BCOLOR+gold%5D+mundiales%5BCOLOR+yellow%5D%5B%2FCOLOR%5D%5B%2FCAPITALIZE%5D%5B%2FLOWERCASE%5D%5B%2FB%5D&amp;fanart=https%3A%2F%2Fst-listas.20minutos.es%2Fimages%2F2014-10%2F388974%2Flist_640px.jpg%3F1414787761",return)</action>
	</shortcut>
	<shortcut>
		<defaultID />
		<label>[B][LOWERCASE][CAPITALIZE][COLOR white]tve deportes[/CAPITALIZE][/LOWERCASE][/B][/COLOR]</label>
		<label2>Complemento de Vídeo</label2>
		<icon>DefaultShortcut.png</icon>
		<thumb>image://https%3a%2f%2fimages-na.ssl-images-amazon.com%2fimages%2fI%2f516rC6urOwL.png/</thumb>
		<action>ActivateWindow(Videos,"plugin://plugin.video.tvchopo/?url=%24doregex%5Bmakelist6%5D&amp;mode=17&amp;regexs=%7Bu%27foto%27%3A%20%7B%27expres%27%3A%20u%27%28%3Fs%29itemprop%3D%22description%22%20content%3D%22.%2A%3Fimg%20src%3D%22%28//img.%2A%3F%29%22.%2A%3F%27%2C%20%27name%27%3A%20u%27foto%27%2C%20%27page%27%3A%20u%27%5Bmakelist5.param1%5D%27%7D%2C%20u%27titulo2%27%3A%20%7B%27expres%27%3A%20u%22%24pyFunction%3A%28%27%5Bmakelist4.param1%5D%27%29.replace%28%27%5C%5C%5C%5C%27%2C%27%27%29%22%2C%20%27name%27%3A%20u%27titulo2%27%2C%20%27page%27%3A%20None%7D%2C%20u%27makelist6%27%3A%20%7B%27listrepeat%27%3A%20u%27%5Cr%5Cn%20%20%3Ctitle%3E%5BB%5D%5BLOWERCASE%5D%5BCAPITALIZE%5D%5BCOLOR%20white%5D%5Bmakelist6.param3%5D%5B/CAPITALIZE%5D%5B/LOWERCASE%5D%5B/B%5D%5B/COLOR%5D%3C/title%3E%5Cr%5Cn%3Cthumbnail%3Ehttps%3A//images-na.ssl-images-amazon.com/images/I/516rC6urOwL.png%3C/thumbnail%3E%5Cr%5Cn%3Cfanart%3Ehttps%3A//images-na.ssl-images-amazon.com/images/I/516rC6urOwL.png%3C/fanart%3E%5Cr%5Cn%3Clink%3E%24doregex%5Bmakelist5%5D%3C/link%3E%5Cr%5Cn%27%2C%20%27expres%27%3A%20u%27%23%24pyFunction%5Cr%5Cnimport%20re%2Crequests%5Cr%5Cndef%20GetLSProData%28page_data%2CCookie_Jar%2Cm%29%3A%5Cr%5Cn%20%20count%3D3%3Bpn%3D1%3Bdata%3D%5B%5D%5Cr%5Cn%20%20while%20pn%20%3C%3D%20int%28count%29%3A%5Cr%5Cn%20%20%20%20%20headers%20%3D%20%7B%5C%27User-Agent%5C%27%3A%20%5C%27Mozilla/5.0%20%28Windows%20NT%2010.0%3B%20rv%3A72.0%29%20Gecko/20100101%20Firefox/72.0%5C%27%2C%20%5C%27Accept%5C%27%20%3A%20%5C%27text/html%2Capplication/xhtml%2Bxml%2Capplication/xml%3Bq%3D0.9%2C%2A/%2A%3Bq%3D0.8%5C%27%2C%20%5C%27Accept-Language%5C%27%20%3A%20%5C%27es-ES%2Ces%3Bq%3D0.8%2Cen-US%3Bq%3D0.5%2Cen%3Bq%3D0.3%5C%27%2C%20%5C%27Upgrade-Insecure-Requests%5C%27%20%3A%20%5C%271%5C%27%2C%20%5C%27Pragma%5C%27%20%3A%20%5C%27no-cache%5C%27%2C%20%5C%27Cache-Control%5C%27%20%3A%20%5C%27no-cache%5C%27%7D%5Cr%5Cn%20%20%20%20%20page%3D%5C%27http%3A//www.rtve.es/alacarta/programas/tve/deportes/%5C%27%2Bstr%28pn%29%2B%5C%27/%3Fcriteria%3DASC%26order%3D1%26pageSize%3D40%5C%27%3Bsource%3Drequests.get%28page%2C%20headers%3Dheaders%29.content.decode%28%5C%27ascii%5C%27%2C%5C%27ignore%5C%27%29%5Cr%5Cn%20%20%20%20%20data%20%2B%3Dre.findall%28%5C%27%28%3Fs%29span%20class%3D%22col_tit%22%20id%3D%22%28.%2A%3F%29%22.%2A%3Fhref%3D%22%28.%2A%3F%29%22.%2A%3Ftitle%3D%22Ver%20.%2A%3F%22%3E%28.%2A%3F%29%3C.%2A%3F%5C%27%2Csource%29%3Bpn%20%2B%3D1%5Cr%5Cn%20%20return%20data%5Cr%5Cn%20%20%27%2C%20%27cookiejar%27%3A%20%27%27%2C%20%27name%27%3A%20u%27makelist6%27%2C%20%27page%27%3A%20None%7D%2C%20u%27makelist5%27%3A%20%7B%27listrepeat%27%3A%20u%27%5Cr%5Cn%20%20%3Ctitle%3E%5BB%5D%5BLOWERCASE%5D%5BCAPITALIZE%5D%5B/CAPITALIZE%5D%5BCOLOR%20white%5D%5Bmakelist5.param2%5D%5B/LOWERCASE%5D%5B/B%5D%5B/COLOR%5D%3C/title%3E%5Cr%5Cn%3Cthumbnail%3Ehttps%3A//images-na.ssl-images-amazon.com/images/I/516rC6urOwL.png%3C/thumbnail%3E%5Cr%5Cn%3Cfanart%3Ehttps%3A//images-na.ssl-images-amazon.com/images/I/516rC6urOwL.png%3C/fanart%3E%5Cr%5Cn%3Clink%3E%24doregex%5Bmakelist4%5D%3C/link%3E%5Cr%5Cn%27%2C%20%27expres%27%3A%20u%27%23%24pyFunction%5Cr%5Cnimport%20re%2Crequests%5Cr%5Cndef%20GetLSProData%28page_data%2CCookie_Jar%2Cm%29%3A%5Cr%5Cn%20%20count%3D10%3Bpn%3D1%3Bdata%3D%5B%5D%5Cr%5Cn%20%20while%20pn%20%3C%3D%20int%28count%29%3A%5Cr%5Cn%20%20%20%20%20headers%20%3D%20%7B%5C%27User-Agent%5C%27%3A%20%5C%27Mozilla/5.0%20%28Windows%20NT%2010.0%3B%20rv%3A72.0%29%20Gecko/20100101%20Firefox/72.0%5C%27%2C%20%5C%27Accept%5C%27%20%3A%20%5C%27text/html%2Capplication/xhtml%2Bxml%2Capplication/xml%3Bq%3D0.9%2C%2A/%2A%3Bq%3D0.8%5C%27%2C%20%5C%27Accept-Language%5C%27%20%3A%20%5C%27es-ES%2Ces%3Bq%3D0.8%2Cen-US%3Bq%3D0.5%2Cen%3Bq%3D0.3%5C%27%2C%20%5C%27Upgrade-Insecure-Requests%5C%27%20%3A%20%5C%271%5C%27%2C%20%5C%27Pragma%5C%27%20%3A%20%5C%27no-cache%5C%27%2C%20%5C%27Cache-Control%5C%27%20%3A%20%5C%27no-cache%5C%27%7D%5Cr%5Cn%20%20%20%20%20page%3D%5C%27http%3A//www.rtve.es/alacarta/interno/contenttable.shtml%3Fpbq%3D%5C%27%2Bstr%28pn%29%2B%5C%27%26orderCriteria%3DDESC%26modl%3DTOC%26locale%3Des%26pageSize%3D15%26ctx%3D%5Bmakelist6.param1%5D%5C%27%3Bsource%3Drequests.get%28page%2C%20headers%3Dheaders%29.content.decode%28%5C%27ascii%5C%27%2C%5C%27ignore%5C%27%29%5Cr%5Cn%20%20%20%20%20data%20%2B%3Dre.findall%28%5C%27%28%3Fs%29id%3D%22close.%2A%3Fhref%3D%22%28http%3A//www.rtve.es/alacarta/videos/.%2A%3F%29%22.%2A%3Ftitle%3D%22Ver%20%28.%2A%3F%29%22%3E%5C%27%2Csource%29%3Bpn%20%2B%3D1%5Cr%5Cn%20%20return%20data%5Cr%5Cn%20%20%27%2C%20%27cookiejar%27%3A%20%27%27%2C%20%27name%27%3A%20u%27makelist5%27%2C%20%27page%27%3A%20None%7D%2C%20u%27makelist4%27%3A%20%7B%27listrepeat%27%3A%20u%27%5Cr%5Cn%20%20%3Ctitle%3E%5BB%5D%5BLOWERCASE%5D%5BCAPITALIZE%5D%5B/CAPITALIZE%5D%5BCOLOR%20white%5D%24doregex%5Btitulo5%5D%5B/LOWERCASE%5D%5B/B%5D%5B/COLOR%5D%3C/title%3E%5Cr%5Cn%3Cthumbnail%3Ehttp%3A%24doregex%5Bfoto%5D%3C/thumbnail%3E%5Cr%5Cn%3Cfanart%3Ehttps%3A//images-na.ssl-images-amazon.com/images/I/516rC6urOwL.png%3C/fanart%3E%5Cr%5Cn%3Clink%3E%24doregex%5Btitulo2%5D%3C/link%3E%5Cr%5Cn%27%2C%20%27expres%27%3A%20u%22%23%24pyFunction%5Cr%5Cndef%20GetLSProData%28page_data%2CCookie_Jar%2Cm%29%3A%5Cr%5Cn%20%20%20%20import%20re%2C%20requests%2C%20resolveurl%5Cr%5Cn%20%20%20%20return%20re.findall%28%27role%3D%5C%5C%27alert%5C%5C%27%3E.%2A%3Frel%3D%5C%5C%27noreferrer%5C%5C%27%20href%3D%5C%5C%27%28.%2A%3F%29%5C%5C%27.%2A%3F%3E%28.%2A%3F%29%3C%27%2Crequests.post%28%27https%3A//eljaviero.com/descargarvideosdelatele/index.php%27%2Cheaders%3D%7B%27referent%27%3A%27https%3A//eljaviero.com/descargarvideosdelatele/%27%2C%20%27User-Agent%27%3A%20%27Mozilla/5.0%20%28Windows%20NT%2010.0%3B%20rv%3A72.0%29%20Gecko/20100101%20Firefox/72.0%27%2C%20%27Accept%27%20%3A%20%27text/html%2Capplication/xhtml%2Bxml%2Capplication/xml%3Bq%3D0.9%2C%2A/%2A%3Bq%3D0.8%27%2C%20%27Accept-Language%27%20%3A%20%27es-ES%2Ces%3Bq%3D0.8%2Cen-US%3Bq%3D0.5%2Cen%3Bq%3D0.3%27%2C%20%27Content-Type%27%20%3A%20%27application/x-www-form-urlencoded%3B%20charset%3DUTF-8%27%2C%20%27X-Requested-With%27%20%3A%20%27XMLHttpRequest%27%2C%20%27Pragma%27%20%3A%20%27no-cache%27%2C%20%27Cache-Control%27%20%3A%20%27no-cache%27%7D%2Cdata%3D%7B%27url_noticia%27%3A%27%5Bmakelist5.param1%5D%27%2C%27submit_enviar_url%27%3A%27ok%27%2C%27current_url%27%3A%27https%3A//eljaviero.com/descargarvideosdelatele/%27%7D%29.content.decode%28%27ascii%27%2C%27ignore%27%29%29%5Cr%5Cn%22%2C%20%27name%27%3A%20u%27makelist4%27%2C%20%27page%27%3A%20None%7D%2C%20u%27titulo5%27%3A%20%7B%27expres%27%3A%20u%22%24pyFunction%3A%28%27%5Bmakelist4.param2%5D%27%29.replace%28%27%5C%5Cu00ed%27%2C%27i%27%29.replace%28%27%5C%5Cu00e9%27%2C%27e%27%29.replace%28%27%5C%5Cu00f3%27%2C%27o%27%29.replace%28%27%5C%5Cu00f1%27%2C%27%5Cxf1%27%29.replace%28%27%5C%5Cu00e1%27%2C%27a%27%29.replace%28%27%5C%5Cu00fa%27%2C%27u%27%29.replace%28%27%5C%5Cu00da%27%2C%27u%27%29%22%2C%20%27name%27%3A%20u%27titulo5%27%2C%20%27page%27%3A%20None%7D%7D&amp;iconimage=https%3A%2F%2Fimages-na.ssl-images-amazon.com%2Fimages%2FI%2F516rC6urOwL.png",return)</action>
	</shortcut>
</shortcuts>
