<?xml version='1.0' encoding='UTF-8'?>
<shortcuts>
	<shortcut>
		<defaultID>plugin.video.tvchopo</defaultID>
		<label>[B][LOWERCASE][CAPITALIZE][COLOR white]T[COLOR aquamarine]V[COLOR yellow]C[COLOR orange]H[COLOR red]O[COLOR pink]P[COLOR fuchsia]O[/CAPITALIZE][/LOWERCASE][/B][/COLOR]</label>
		<label2>Complemento de Vídeo</label2>
		<icon>DefaultShortcut.png</icon>
		<thumb>image://C%3a%5cUsers%5cjosec%5cAppData%5cRoaming%5cKodi%5caddons%5cplugin.video.tvchopo%5cicon.gif/</thumb>
		<action>ActivateWindow(Videos,"plugin://plugin.video.tvchopo",return)</action>
	</shortcut>
	<shortcut>
		<defaultID>plugin.video.Tvchopo.Kids</defaultID>
		<label>[B][LOWERCASE][CAPITALIZE][COLOR white]TVCHOPO[COLOR fuchsia] KIDS[/CAPITALIZE][/LOWERCASE][/B][/COLOR]</label>
		<label2>Complemento de Vídeo</label2>
		<icon>DefaultShortcut.png</icon>
		<thumb>image://C%3a%5cUsers%5cjosec%5cAppData%5cRoaming%5cKodi%5caddons%5cplugin.video.Tvchopo.Kids%5cicon.gif/</thumb>
		<action>ActivateWindow(Videos,"plugin://plugin.video.Tvchopo.Kids",return)</action>
	</shortcut>
	<shortcut>
		<defaultID>1037</defaultID>
		<label>[B][LOWERCASE][CAPITALIZE][COLOR white][COLOR yellow]MAS ADDONS[/CAPITALIZE][/LOWERCASE][/B][/COLOR]</label>
		<label2>Add-ons de vídeo</label2>
		<icon>DefaultAddonVideo.png</icon>
		<thumb />
		<action>ActivateWindow(Videos,Addons,return)</action>
	</shortcut>
</shortcuts>
