<?xml version='1.0' encoding='UTF-8'?>
<shortcuts>
	<shortcut>
		<defaultID />
		<label>[B][LOWERCASE][CAPITALIZE][COLOR lime]*[COLOR turquoise][COLOR white] lista  torete SOLO [COLOR red]españa[/CAPITALIZE][/LOWERCASE][/B][/COLOR]</label>
		<label2>Complemento de Vídeo</label2>
		<icon>DefaultShortcut.png</icon>
		<thumb>image://https%3a%2f%2fi.imgur.com%2fo5CzNts.png/</thumb>
		<action>ActivateWindow(Videos,"plugin://plugin.video.tvchopo/?url=%24doregex%5Bchopo2%5D&amp;mode=17&amp;regexs=%7Bu%27titulo2%27%3A%20%7B%27expres%27%3A%20u%22%24pyFunction%3A%28%27%5Bchopo2.param2%5D%27%29.replace%28%27.m3u8%27%2C%27.ts%27%29%22%2C%20%27name%27%3A%20u%27titulo2%27%2C%20%27page%27%3A%20None%7D%2C%20u%27titulo%27%3A%20%7B%27expres%27%3A%20u%22%24pyFunction%3A%28%27%5Bchopo2.param1%5D%27%29.replace%28%27%7C%27%2C%27%27%29.replace%28%27%2C%27%2C%27%27%29.replace%28%27-%27%2C%27%27%29%22%2C%20%27name%27%3A%20u%27titulo%27%2C%20%27page%27%3A%20None%7D%2C%20u%27chopo2%27%3A%20%7B%27listrepeat%27%3A%20u%27%5Cn%3Ctitle%3E%5BB%5D%5BLOWERCASE%5D%5BCAPITALIZE%5D%5BCOLOR%20white%5D%5BCOLOR%20white%5D%5Bchopo2.param1%5D%5B/CAPITALIZE%5D%5B/LOWERCASE%5D%5B/B%5D%5B/COLOR%5D%3C/title%3E%5Cn%3Cthumbnail%3Ehttps%3A//i.imgur.com/o5CzNts.png%3C/thumbnail%3E%5Cn%3Cfanart%3Ehttps%3A//wallpapercave.com/wp/dpxHCYh.jpg%3C/fanart%3E%5Cn%20%3Clink%3Eplugin%3A//plugin.video.f4mTester/%3Fstreamtype%3DTSDOWNLOADER%26amp%3Bname%3D%5BB%5D%5BLOWERCASE%5D%5BCAPITALIZE%5D%5BCOLOR%20white%5Dtvchopo%5B/CAPITALIZE%5D%5B/LOWERCASE%5D%5B/B%5D%5B/COLOR%5D%26amp%3Burl%3D%24doregex%5Btitulo2%5D%3FOPT%3Ahttp-reconnect%3Dtrue%3C/link%3E%5Cn%20%27%2C%20%27expres%27%3A%20u%27EXTINF%3A-1%2C.%2A%3F%28.%2A%3F%29%5C%5Cn%28http.%2A%3F%29%5C%5Cs%2A%23%27%2C%20%27name%27%3A%20u%27chopo2%27%2C%20%27page%27%3A%20u%27https%3A//pastebin.com/raw/YgaHPHJd%27%7D%7D&amp;iconimage=https%3A%2F%2Fi.imgur.com%2Fo5CzNts.png",return)</action>
	</shortcut>
	<shortcut>
		<defaultID />
		<label>[B][LOWERCASE][CAPITALIZE][COLOR lime]* [COLOR aqua]lista miguel  estables[COLOR yellow][/COLOR][/CAPITALIZE][/LOWERCASE][/B]</label>
		<label2>Complemento de Vídeo</label2>
		<icon>DefaultShortcut.png</icon>
		<thumb>image://https%3a%2f%2fi.imgur.com%2fo5CzNts.png/</thumb>
		<action>ActivateWindow(Videos,"plugin://plugin.video.tvchopo/?url=https%3A%2F%2Fpastebin.com%2Fraw%2F10Pbdrh1&amp;mode=1&amp;name=%5BB%5D%5BLOWERCASE%5D%5BCAPITALIZE%5D%5BCOLOR+lime%5D%2A+%5BCOLOR+white%5Dlista+miguel++%5BCOLOR+gold%5Destables%5BCOLOR+yellow%5D%5B%2FCOLOR%5D%5B%2FCAPITALIZE%5D%5B%2FLOWERCASE%5D%5B%2FB%5D&amp;fanart=https%3A%2F%2Fwallpapercave.com%2Fwp%2FdpxHCYh.jpg",return)</action>
	</shortcut>
	<shortcut>
		<defaultID />
		<label>[B][LOWERCASE][CAPITALIZE][COLOR lime]*[COLOR white] super-iptv[COLOR red] listas  [/CAPITALIZE][/LOWERCASE][/B][/COLOR]</label>
		<label2>Complemento de Vídeo</label2>
		<icon>DefaultShortcut.png</icon>
		<thumb>image://https%3a%2f%2fencrypted-tbn0.gstatic.com%2fimages%3fq%3dtbn%3aANd9GcTnD4jZ6-xXraUMViQ9rZO_WrJlHY5HAfss-qIVtkCWyP_tsItM/</thumb>
		<action>ActivateWindow(Videos,"plugin://plugin.video.tvchopo/?url=%24doregex%5Bmakelist2%5D&amp;mode=17&amp;regexs=%7Bu%27HORA%27%3A%20%7B%27expres%27%3A%20u%27%5C%5C%5B%28.%2A%3F%29%5C%5C%5D%27%2C%20%27name%27%3A%20u%27HORA%27%2C%20%27page%27%3A%20u%27%24doregex%5Bget-decode2%5D%27%7D%2C%20u%27LoadCookie%27%3A%20%7B%27ignorecache%27%3A%20u%27%5Cn%27%2C%20%27expres%27%3A%20%27%27%2C%20%27cookiejar%27%3A%20u%27open%5Bimpulsetv.lwp%5D%27%2C%20%27name%27%3A%20u%27LoadCookie%27%2C%20%27page%27%3A%20u%27http%3A//%5Bmakelist2.param1%5Dclient_area/index.php%27%7D%2C%20u%27savecookie%27%3A%20%7B%27expres%27%3A%20%27%27%2C%20%27cookiejar%27%3A%20u%27save%5Bimpulsetv.lwp%5D%27%2C%20%27name%27%3A%20u%27savecookie%27%2C%20%27page%27%3A%20None%7D%2C%20u%27titulo2%27%3A%20%7B%27expres%27%3A%20u%22%24pyFunction%3A%28%27%24doregex%5Btitulo%5D%27%29.replace%28%27%28%27%2C%27%27%29.replace%28%27%5B%27%2C%27%27%29.replace%28%27%7C%27%2C%27%27%29.replace%28%27%2C%27%2C%27%27%29.replace%28%27-%27%2C%27%27%29%22%2C%20%27name%27%3A%20u%27titulo2%27%2C%20%27page%27%3A%20None%7D%2C%20u%27torete%27%3A%20%7B%27x-req%27%3A%20u%27XMLHttpRequest%27%2C%20%27name%27%3A%20u%27torete%27%2C%20%27listrepeat%27%3A%20u%27%5Cn%3CSetViewMode%3E502%3C/SetViewMode%3E%5Cn%3Ctitle%3E%5BB%5D%5BLOWERCASE%5D%5BCAPITALIZE%5D%5BCOLOR%20white%5D%24doregex%5Bget-decode1%5D%5BCOLOR%20pink%5D%24doregex%5Btitulo12%5D%20%20%20%5B/CAPITALIZE%5D%5B/LOWERCASE%5D%5B/B%5D%5B/COLOR%5D%3C/title%3E%5Cn%3Clink%3E%24doregex%5Btorete2%5D%3C/link%3E%5Cn%3Cthumbnail%3E%5Btorete.param1%5D%3C/thumbnail%3E%5Cn%3Cfanart%3E%5Btorete.param1%5D%3C/fanart%3E%5Cn%3Cinfo%3E%5B%24doregex%5Bget-decode3%5D%3C/info%3E%5Cn%27%2C%20%27accept%27%3A%20u%27%2A/%2A%27%2C%20%27expres%27%3A%20u%27%28%3Fs%29%3Ctitle%3E%28.%2A%3F%29%3C/title%3E.%2A%3F%3Cdescription.%2A%3F%3E%28.%2A%3F%29%3C.%2A%3FCDATA..%2A%3F%28%26cat_id%3D.%2A%3F%29..%3E.%2A%3F%27%2C%20%27agent%27%3A%20u%27Mozilla/5.0%20%28Windows%20NT%2010.0%3B%20rv%3A69.0%29%20Gecko/20100101%20Firefox/69.0%27%2C%20%27page%27%3A%20u%27http%3A//%5Bmakelist2.param1%5Denigma2.php%3Fusername%3D%5Bmakelist2.param2%5D%26password%3D%5Bmakelist2.param3%5D%26type%3Dget_live_categories%27%7D%2C%20u%27EMI%27%3A%20%7B%27expres%27%3A%20u%27%28%3Fs%29%20.%2A%3F%5BA-Z%5D.%2A%3F%5BA-Z%5D.%2A%3F%20%5C%5C%5B.%2A%3F%5C%5C%5D%20....%2A%3Fmin%20%20%20%28.%2A%29%27%2C%20%27name%27%3A%20u%27EMI%27%2C%20%27page%27%3A%20u%27%24doregex%5Bget-decode2%5D%27%7D%2C%20u%27makelist2%27%3A%20%7B%27listrepeat%27%3A%20u%27%5Cn%3Ctitle%3E%5BB%5D%5BLOWERCASE%5D%5BCAPITALIZE%5D%5BCOLOR%20white%5D%5Bmakelist2.param1%5D%5BCOLOR%20green%5D%5B/CAPITALIZE%5D%5B/LOWERCASE%5D%5B/B%5D%5B/COLOR%5D%3C/title%3E%5Cn%3Clink%3E%24doregex%5Btorete%5D%3C/link%3E%5Cn%3Cthumbnail%3Ehttp%3A//cdn.shopify.com/s/files/1/1242/2808/t/2/assets/logo.png%3F0%3C/thumbnail%3E%5Cn%3Cfanart%3Ehttp%3A//cdn.shopify.com/s/files/1/1242/2808/t/2/assets/logo.png%3F0%3C/fanart%3E%5Cn%27%2C%20%27expres%27%3A%20u%22%23%24pyFunction%5Cnimport%20re%5Cndef%20GetLSProData%28page_data%2CCookie_Jar%2Cm%29%3A%5Cn%20%20return%20re.findall%28%27%28%3Fs%29http%3A//%28.%2A%3F/%29get.php.username%3D%28.%2A%3F%29%26.%2A%3Fpassword%3D%28.%2A%3F%29%26.%2A%3F%3Cbr%27%2Cre.findall%28%27post-body%20entry-content%28%3Fs%29%28.%2A%3F%29Older%20Posts%27%2Cpage_data%29%5B0%5D%29%5Cn%22%2C%20%27name%27%3A%20u%27makelist2%27%2C%20%27agent%27%3A%20u%27Mozilla/5.0%20%28Windows%20NT%2010.0%3B%20Win64%3B%20x64%29%20AppleWebKit/537.36%20%28KHTML%2C%20like%20Gecko%29%20Chrome/52.0.2743.116%20Safari/537.36%27%2C%20%27page%27%3A%20u%27https%3A//usalinksiptv.blogspot.com%27%7D%2C%20u%27titulo5%27%3A%20%7B%27expres%27%3A%20u%22%24pyFunction%3A%28%27%24doregex%5BEMI%5D%27%29.replace%28%27%28%27%2C%27%27%29.replace%28%27%5B%27%2C%27%27%29.replace%28%27%7C%27%2C%27%27%29.replace%28%27%2C%27%2C%27%27%29.replace%28%27-%27%2C%27%27%29%22%2C%20%27name%27%3A%20u%27titulo5%27%2C%20%27page%27%3A%20None%7D%2C%20u%27torete2%27%3A%20%7B%27x-req%27%3A%20u%27XMLHttpRequest%27%2C%20%27name%27%3A%20u%27torete2%27%2C%20%27listrepeat%27%3A%20u%27%5Cn%3CSetViewMode%3E502%3C/SetViewMode%3E%5Cn%3Ctitle%3E%5BB%5D%5BLOWERCASE%5D%5BCAPITALIZE%5D%5BCOLOR%20white%5D%24doregex%5Btitulo2%5D%20%5BCOLOR%20orange%5D%24doregex%5Btitulo5%5D%20%20%5B/CAPITALIZE%5D%5B/LOWERCASE%5D%5B/B%5D%5B/COLOR%5D%3C/title%3E%5Cn%20%3Clink%3Eplugin%3A//plugin.video.f4mTester/%3Fstreamtype%3DTSDOWNLOADER%26amp%3Bname%3D%24doregex%5Btitulo2%5D%26amp%3Burl%3D%5Btorete2.param4%5D%3C/link%3E%5Cn%3Cthumbnail%3E%5Btorete2.param3%5D%3C/thumbnail%3E%5Cn%3Cfanart%3E%5Btorete2.param3%5D%3C/fanart%3E%5Cn%3Cinfo%3E%5B%24doregex%5Bget-decode3%5D%3C/info%3E%5Cn%27%2C%20%27accept%27%3A%20u%27%2A/%2A%27%2C%20%27expres%27%3A%20u%27%28%3Fs%29%3Ctitle%3E%28.%2A%3F%29%3C/title%3E.%2A%3F%3Cdescription.%2A%3F%3E%28.%2A%3F%29%3C.%2A%3FCDATA.%28.%2A%3F%29..%3E.%2A%3FDATA.%2A%3F%28http.%2A%3F.ts%29%27%2C%20%27agent%27%3A%20u%27Mozilla/5.0%20%28Windows%20NT%2010.0%3B%20rv%3A69.0%29%20Gecko/20100101%20Firefox/69.0%27%2C%20%27page%27%3A%20u%27http%3A//%5Bmakelist2.param1%5Denigma2.php%3Fusername%3D%5Bmakelist2.param2%5D%26password%3D%5Bmakelist2.param3%5D%26type%3Dget_live_streams%5Btorete.param3%5D%27%7D%2C%20u%27get-decode0%27%3A%20%7B%27expres%27%3A%20u%27%24pyFunction%3Abase64.b64decode%28%22%5Btorete.param2%5D%22%29%27%2C%20%27name%27%3A%20u%27get-decode0%27%2C%20%27page%27%3A%20None%7D%2C%20u%27titulo%27%3A%20%7B%27expres%27%3A%20u%27%28.%2A%3F%5BA-zZ%5D%3A%20.%2A%3F%5C%5C%5B%7C.%2A%3F%5BA-zZ%5D%20.%2A%3F%5C%5C%5B%7C.%2A%3F%5BA-zZ%5D%3A%20.%2A%3F%5C%5C%28%7C.%2A%3F%5BA-zZ%5D%3A%20.%2A%3F%20.%2A%3F%20%7C.%2A%3F%5BA-zZ%5D%3A%20%5BA-zZ%5D.%2A%7C.%2A%3F%5BA-Z%5D.%2A%29%27%2C%20%27name%27%3A%20u%27titulo%27%2C%20%27page%27%3A%20u%27%24doregex%5Bget-decode2%5D%27%7D%2C%20u%27get-decode2%27%3A%20%7B%27expres%27%3A%20u%27%24pyFunction%3Abase64.b64decode%28%22%5Btorete2.param1%5D%22%29%27%2C%20%27name%27%3A%20u%27get-decode2%27%2C%20%27page%27%3A%20None%7D%2C%20u%27get-decode3%27%3A%20%7B%27expres%27%3A%20u%27%24pyFunction%3Abase64.b64decode%28%22%5Btorete2.param2%5D%22%29%27%2C%20%27name%27%3A%20u%27get-decode3%27%2C%20%27page%27%3A%20None%7D%2C%20u%27titulo12%27%3A%20%7B%27expres%27%3A%20u%22%24pyFunction%3A%28%27%24doregex%5Bget-decode0%5D%27%29.replace%28%27Live%20Streams%20Category%27%2C%27%27%29%22%2C%20%27name%27%3A%20u%27titulo12%27%2C%20%27page%27%3A%20None%7D%2C%20u%27get-decode1%27%3A%20%7B%27expres%27%3A%20u%27%24pyFunction%3Abase64.b64decode%28%22%5Btorete.param1%5D%22%29%27%2C%20%27name%27%3A%20u%27get-decode1%27%2C%20%27page%27%3A%20None%7D%7D&amp;iconimage=https%3A%2F%2Fencrypted-tbn0.gstatic.com%2Fimages%3Fq%3Dtbn%3AANd9GcTnD4jZ6-xXraUMViQ9rZO_WrJlHY5HAfss-qIVtkCWyP_tsItM",return)</action>
	</shortcut>
	<shortcut>
		<defaultID />
		<label>[B][LOWERCASE][CAPITALIZE][COLOR lime]*[COLOR white] super tdt [COLOR white][/CAPITALIZE][/LOWERCASE][/B][/COLOR]</label>
		<label2>Complemento de Vídeo</label2>
		<icon>DefaultShortcut.png</icon>
		<thumb>image://https%3a%2f%2fi1.wp.com%2fentreunosyceros.net%2fwp-content%2fuploads%2f2018%2f06%2flogo-tdt.jpg%3ffit%3d640%252C480%26ssl%3b%3d1/</thumb>
		<action>ActivateWindow(Videos,"plugin://plugin.video.tvchopo/?url=%24doregex%5Bmakelist2%5D&amp;mode=17&amp;regexs=%7Bu%27makelist2%27%3A%20%7B%27listrepeat%27%3A%20u%27%20%20%5Cn%3CSetViewMode%3E502%3C/SetViewMode%3E%5Cn%3Ctitle%3E%5BB%5D%5BLOWERCASE%5D%5BCAPITALIZE%5D%5BCOLOR%20white%5D%5Bmakelist2.param1%5D%5BCOLOR%20aquamarine%5D%20%5Bmakelist2.param2%5D%20%20%5B/COLOR%5D%5B/CAPITALIZE%5D%5B/LOWERCASE%5D%5B/B%5D%3C/title%3E%5Cn%3Clink%3E%5Bmakelist2.param3%5D%3C/link%3E%5Cn%3Cthumbnail%3E%5Bmakelist2.param4%5D%3C/thumbnail%3E%5Cn%3Cfanart%3E%5Bmakelist2.param4%5D%3C/fanart%3E%5Cn%27%2C%20%27expres%27%3A%20u%27%28%3Fs%29path%3E%3C/svg%3E%3C/a%3E%28.%2A%3F%29%3C%7C%3Ctr%3E%5C%5Cn%3Ctd%3E%28.%2A%3F%29%3C.%2A%3Ftd%3E%3Ca%20href%3D%22%28.%2A%3Fm3u8%29.%2A%3F%3C/a%3E%3C/td%3E.%2A%3F%3C/a%3E%3C/td%3E.%2A%3Fhref%3D%22%28.%2A%3F%29%22%27%2C%20%27cookiejar%27%3A%20%27%27%2C%20%27name%27%3A%20u%27makelist2%27%2C%20%27page%27%3A%20u%27https%3A//github.com/LaQuay/TDTChannels/blob/master/TELEVISION.md%27%7D%7D&amp;iconimage=https%3A%2F%2Fi1.wp.com%2Fentreunosyceros.net%2Fwp-content%2Fuploads%2F2018%2F06%2Flogo-tdt.jpg%3Ffit%3D640%252C480%26ssl%3B%3D1",return)</action>
	</shortcut>
</shortcuts>
