<?xml version='1.0' encoding='UTF-8'?>
<shortcuts>
	<shortcut>
		<defaultID>130</defaultID>
		<label>[B][LOWERCASE][CAPITALIZE][COLOR white]info del sistema[/CAPITALIZE][/LOWERCASE][/B][/COLOR]</label>
		<label2>Ítem Personalizado</label2>
		<icon>DefaultShortcut.png</icon>
		<thumb />
		<action>ActivateWindow(SystemInfo)</action>
	</shortcut>
	<shortcut>
		<defaultID>33060</defaultID>
		<label>[B][LOWERCASE][CAPITALIZE][COLOR red]APAGADO[/CAPITALIZE][/LOWERCASE][/B][/COLOR]</label>
		<label2>Ítem Personalizado</label2>
		<icon>DefaultShortcut.png</icon>
		<thumb />
		<action>ActivateWindow(shutdownmenu)</action>
	</shortcut>
	<shortcut>
		<defaultID>20077</defaultID>
		<label>[B][LOWERCASE][CAPITALIZE][COLOR orange]ajustes de skin[/CAPITALIZE][/LOWERCASE][/B][/COLOR]</label>
		<label2>Ítem Personalizado</label2>
		<icon>DefaultShortcut.png</icon>
		<thumb />
		<action>ActivateWindow(SkinSettings)</action>
	</shortcut>
	<shortcut>
		<defaultID>7</defaultID>
		<label>[B][LOWERCASE][CAPITALIZE][COLOR yellow]gestor de archivos[/CAPITALIZE][/LOWERCASE][/B][/COLOR]</label>
		<label2>Ítem Personalizado</label2>
		<icon>DefaultShortcut.png</icon>
		<thumb />
		<action>ActivateWindow(FileManager)</action>
	</shortcut>
	<shortcut>
		<defaultID>13200</defaultID>
		<label>[B][LOWERCASE][CAPITALIZE][COLOR fuchsia]perfiles[/CAPITALIZE][/LOWERCASE][/B][/COLOR]</label>
		<label2>Ítem Personalizado</label2>
		<icon>DefaultShortcut.png</icon>
		<thumb />
		<action>ActivateWindow(Profiles)</action>
	</shortcut>
	<shortcut>
		<defaultID>31159</defaultID>
		<label>[B][LOWERCASE][CAPITALIZE][COLOR lime]registro de eventos[/CAPITALIZE][/LOWERCASE][/B][/COLOR]</label>
		<label2>Ítem Personalizado</label2>
		<icon>DefaultShortcut.png</icon>
		<thumb />
		<action>ActivateWindow(Eventlog)</action>
	</shortcut>
</shortcuts>
