<?xml version='1.0' encoding='UTF-8'?>
<shortcuts>
	<shortcut>
		<defaultID>plugin.program.instalador-chopo</defaultID>
		<label>[B][LOWERCASE][CAPITALIZE][COLOR white]INSTALADOR [COLOR gold]CHOPO[/CAPITALIZE][/LOWERCASE][/COLOR][/B]</label>
		<label2>Programa</label2>
		<icon>DefaultShortcut.png</icon>
		<thumb>image://C%3a%5cUsers%5cjosec%5cAppData%5cRoaming%5cKodi%5caddons%5cplugin.program.instalador-chopo%5cicon.png/</thumb>
		<action>ActivateWindow(Programs,"plugin://plugin.program.instalador-chopo",return)</action>
	</shortcut>
	<shortcut>
		<defaultID>plugin.program.WIZAR-CHOPO</defaultID>
		<label>[B][LOWERCASE][CAPITALIZE][COLOR white]WIZARD-[COLOR aquamarine]CHOPO[/CAPITALIZE][/LOWERCASE][/COLOR][/B]</label>
		<label2>Programa</label2>
		<icon>DefaultShortcut.png</icon>
		<thumb>image://C%3a%5cUsers%5cjosec%5cAppData%5cRoaming%5cKodi%5caddons%5cplugin.program.WIZAR-CHOPO%5cicon.png/</thumb>
		<action>ActivateWindow(Programs,"plugin://plugin.program.WIZAR-CHOPO",return)</action>
	</shortcut>
</shortcuts>
