<?xml version='1.0' encoding='UTF-8'?>
<shortcuts>
	<shortcut>
		<defaultID />
		<label>[B][LOWERCASE][CAPITALIZE][COLOR white] salon  maquinas recreativas de chopo [COLOR orange][/COLOR][/CAPITALIZE][/LOWERCASE][/B]</label>
		<label2>Complemento de Vídeo</label2>
		<icon>DefaultShortcut.png</icon>
		<thumb>image://https%3a%2f%2fi.imgur.com%2fgv3XuLm.png/</thumb>
		<action>ActivateWindow(Videos,"plugin://plugin.video.tvchopo/?url=%24doregex%5Bexebuilt%5D&amp;mode=1&amp;name=%5BB%5D%5BLOWERCASE%5D%5BCAPITALIZE%5D%5BCOLOR+white%5D+salon++maquinas+recreativas+de+chopo+%5BCOLOR+orange%5D%5B%2FCOLOR%5D%5B%2FCAPITALIZE%5D%5B%2FLOWERCASE%5D%5B%2FB%5D&amp;fanart=https%3A%2F%2Fi.imgur.com%2FjhkZKw3.png&amp;regexs=%7Bu%27exebuilt%27%3A%20%7B%27notplayable%27%3A%20u%27True%27%2C%20%27expres%27%3A%20u%27%23%24pyFunction%5Cndef%20GetLSProData%28page_data%2CCookie_Jar%2Cm%29%3A%5Cn%20import%20xbmc%2C%20time%5Cn%20xbmc.executebuiltin%28%5C%27PlayMedia%28%22https%3A//sites.google.com/site/chopoapk/home/canales-iptv/y2mate.com%2520-%2520logo_nintendo_Mk5LapCkafA_360p.mp4%3Fattredirects%3D0%26d%3D1%22%2C1%29%5C%27%29%5Cn%20time.sleep%28%201%20%29%5Cn%20return%20%5C%27https%3A//pastebin.com/raw/jCpUBYCc%5C%27%5Cn%27%2C%20%27name%27%3A%20u%27exebuilt%27%2C%20%27page%27%3A%20None%7D%7D",return)</action>
	</shortcut>
	<shortcut>
		<defaultID />
		<label>[B][LOWERCASE][CAPITALIZE][COLOR aqua] el rincon de la [COLOR lime]([COLOR white]nes[COLOR lime])[/CAPITALIZE][/LOWERCASE][/B][/COLOR]</label>
		<label2>Complemento de Vídeo</label2>
		<icon>DefaultShortcut.png</icon>
		<thumb>image://https%3a%2f%2fassets.catawiki.nl%2fassets%2f2018%2f11%2f29%2f3%2f5%2f1%2f35123c90-49b6-4e1f-a86d-e44dabb51d07.jpg/</thumb>
		<action>ActivateWindow(Videos,"plugin://plugin.video.tvchopo/?url=%24doregex%5Bmakelist%5D&amp;mode=17&amp;regexs=%7Bu%27exebuilt%27%3A%20%7B%27notplayable%27%3A%20u%27True%27%2C%20%27expres%27%3A%20u%27%23%24pyFunction%5Cr%5Cndef%20GetLSProData%28page_data%2CCookie_Jar%2Cm%29%3A%5Cr%5Cn%20import%20xbmc%2C%20time%5Cr%5Cn%20xbmc.executebuiltin%28%5C%27PlayMedia%28%22https%3A//www.nesfiles.com%24doregex%5Bmakelist1%5D%22%2C1%29%5C%27%29%5Cr%5Cn%20time.sleep%28%201%20%29%5Cr%5Cn%27%2C%20%27name%27%3A%20u%27exebuilt%27%2C%20%27page%27%3A%20None%7D%2C%20u%27makelist%27%3A%20%7B%27listrepeat%27%3A%20u%27%5Cr%5Cn%20%20%3Ctitle%3E%5BB%5D%5BLOWERCASE%5D%5BCAPITALIZE%5D%5BCOLOR%20aqua%5D%5Bmakelist.param2%5D%20%5BCOLOR%20yellow%5D%20%5B/COLOR%5D%5B/CAPITALIZE%5D%5B/LOWERCASE%5D%5B/B%5D%3C/title%3E%5Cr%5Cn%3Cthumbnail%3Ehttps%3A//assets.catawiki.nl/assets/2018/11/29/3/5/1/35123c90-49b6-4e1f-a86d-e44dabb51d07.jpg%3C/thumbnail%3E%5Cr%5Cn%3Cfanart%3Ehttps%3A//i.ytimg.com/vi/aOmInitGD5I/maxresdefault.jpg%3C/fanart%3E%5Cr%5Cn%20%3Clink%3E%24doregex%5Bexebuilt%5D%3C/link%3E%5Cr%5Cn%3Cexternallink%3E%24doregex%5Bexebuilt%5D%3C/externallink%3E%5Cr%5Cn%27%2C%20%27expres%27%3A%20u%27a%20href%3D%22%28/NES/.%2A%3F%29%22%3E%28.%2A%3F%29%3C/a%3E%27%2C%20%27referer%27%3A%20None%2C%20%27name%27%3A%20u%27makelist%27%2C%20%27page%27%3A%20u%27https%3A//www.nesfiles.com/Games%27%7D%2C%20u%27makelist1%27%3A%20%7B%27expres%27%3A%20u%27div%20class%3D%22lal%22%3E.%2A%3F%5C%5Cn.%2A%3Fa%20href%3D%22%28/NES/.%2A%3F%29%22%3E.%2A%3F%3C/a%3E%27%2C%20%27referer%27%3A%20u%27https%3A//www.nesfiles.com/Games%27%2C%20%27name%27%3A%20u%27makelist1%27%2C%20%27page%27%3A%20u%27https%3A//www.nesfiles.com%5Bmakelist.param1%5D%27%7D%7D&amp;iconimage=https%3A%2F%2Fassets.catawiki.nl%2Fassets%2F2018%2F11%2F29%2F3%2F5%2F1%2F35123c90-49b6-4e1f-a86d-e44dabb51d07.jpg",return)</action>
	</shortcut>
</shortcuts>
