<?xml version='1.0' encoding='UTF-8'?>
<shortcuts>
	<shortcut>
		<defaultID>1037</defaultID>
		<label>[B][LOWERCASE][CAPITALIZE][COLOR orange]addons de videos[/COLOR][/CAPITALIZE][/LOWERCASE][/B]</label>
		<label2>Add-ons de vídeo</label2>
		<icon>DefaultAddonVideo.png</icon>
		<thumb />
		<action>ActivateWindow(Videos,Addons,return)</action>
	</shortcut>
	<shortcut>
		<defaultID />
		<label>[B][LOWERCASE][CAPITALIZE][COLOR white] tvchopo [COLOR gold]a la carta [/COLOR][/CAPITALIZE][/LOWERCASE][/B]</label>
		<label2>Complemento de Vídeo</label2>
		<icon>DefaultShortcut.png</icon>
		<thumb>image://https%3a%2f%2fi.imgur.com%2fAs2OFL0.png/</thumb>
		<action>ActivateWindow(Videos,"plugin://plugin.video.tvchopo/?url=https%3A%2F%2Fpastebin.com%2Fraw%2FLJEkZcEy&amp;mode=1&amp;name=%5BB%5D%5BLOWERCASE%5D%5BCAPITALIZE%5D%5BCOLOR+white%5D+tvchopo+a+la+carta+%5B%2FCOLOR%5D%5B%2FCAPITALIZE%5D%5B%2FLOWERCASE%5D%5B%2FB%5D&amp;fanart=https%3A%2F%2Fi.imgur.com%2FgxNuSrI.png",return)</action>
	</shortcut>
	<shortcut>
		<defaultID>plugin.video.chopocine</defaultID>
		<label>[B][COLOR white]CHOPO[COLOR gold]CINE[/COLOR][/B]</label>
		<label2>Complemento de Vídeo</label2>
		<icon>DefaultShortcut.png</icon>
		<thumb>image://C%3a%5cUsers%5cjosec%5cAppData%5cRoaming%5cKodi%5caddons%5cplugin.video.chopocine%5cicon.gif/</thumb>
		<action>ActivateWindow(Videos,"plugin://plugin.video.chopocine",return)</action>
	</shortcut>
	<shortcut>
		<defaultID>plugin.video.choposeries</defaultID>
		<label>[B][COLOR white]CHOPO[COLOR gold]SERIES[/COLOR][/B]</label>
		<label2>Complemento de Vídeo</label2>
		<icon>DefaultShortcut.png</icon>
		<thumb>image://C%3a%5cUsers%5cjosec%5cAppData%5cRoaming%5cKodi%5caddons%5cplugin.video.choposeries%5cicon.gif/</thumb>
		<action>ActivateWindow(Videos,"plugin://plugin.video.choposeries",return)</action>
	</shortcut>
	<shortcut>
		<defaultID />
		<label>[B][LOWERCASE][CAPITALIZE][COLOR white]juegos [COLOR gold]recreativos[/B][/COLOR][/CAPITALIZE][/LOWERCASE]</label>
		<label2>Complemento de Vídeo</label2>
		<icon>DefaultShortcut.png</icon>
		<thumb>image://https%3a%2f%2fi.imgur.com%2fOGIKnWY.jpg/</thumb>
		<action>ActivateWindow(Videos,"plugin://plugin.video.tvchopo/?url=%24doregex%5Bexebuilt%5D&amp;mode=1&amp;name=%5BB%5D%5BLOWERCASE%5D%5BCAPITALIZE%5D%5BCOLOR+white%5D+salon++maquinas+%5BCOLOR+aqua%5Drecreativas+de+chopo+%5BCOLOR+orange%5D%5B%2FCOLOR%5D%5B%2FCAPITALIZE%5D%5B%2FLOWERCASE%5D%5B%2FB%5D&amp;fanart=https%3A%2F%2Fi.imgur.com%2F7ZgS9Te.jpg&amp;regexs=%7Bu%27exebuilt%27%3A%20%7B%27notplayable%27%3A%20u%27True%27%2C%20%27expres%27%3A%20u%27%23%24pyFunction%5Cndef%20GetLSProData%28page_data%2CCookie_Jar%2Cm%29%3A%5Cn%20import%20xbmc%2C%20time%5Cn%20xbmc.executebuiltin%28%5C%27PlayMedia%28%22https%3A//sites.google.com/site/chopoapk/home/canales-iptv/y2mate.com%2520-%2520logo_nintendo_Mk5LapCkafA_360p.mp4%3Fattredirects%3D0%26d%3D1%22%2C1%29%5C%27%29%5Cn%20time.sleep%28%201%20%29%5Cn%20return%20%5C%27https%3A//pastebin.com/raw/jCpUBYCc%5C%27%5Cn%27%2C%20%27name%27%3A%20u%27exebuilt%27%2C%20%27page%27%3A%20None%7D%7D",return)</action>
		<visible>System.GetBool(gamesgeneral.enable)</visible>
	</shortcut>
	<shortcut>
		<defaultID />
		<label>[B][LOWERCASE][CAPITALIZE][COLOR lime] ZONA TV PREMIUM [/COLOR][/CAPITALIZE][/LOWERCASE][/B]</label>
		<label2>Complemento de Vídeo</label2>
		<icon>DefaultShortcut.png</icon>
		<thumb>image://https%3a%2f%2fi.imgur.com%2fBUwC61f.png/</thumb>
		<action>ActivateWindow(Videos,"plugin://plugin.video.tvchopo/?url=https%3A%2F%2Fpastebin.com%2Fraw%2FdE6ezcSb%24%24LSProEncKey%3Dtvpremium%24%24&amp;mode=1&amp;name=%5BB%5D%5BLOWERCASE%5D%5BCAPITALIZE%5D%5BCOLOR+white%5D+ZONA+TV+PREMIUM+%5B%2FCOLOR%5D%5B%2FCAPITALIZE%5D%5B%2FLOWERCASE%5D%5B%2FB%5D&amp;fanart=https%3A%2F%2Fi.imgur.com%2FeTMrlxO.png",return)</action>
	</shortcut>
	<shortcut>
		<defaultID>1043</defaultID>
		<label>[B][LOWERCASE][CAPITALIZE] [COLOR orange]Addons de programas[/LOWERCASE][/CAPITALIZE][/B][/COLOR]</label>
		<label2>Add-ons de programas</label2>
		<icon>DefaultAddonProgram.png</icon>
		<thumb />
		<action>ActivateWindow(Programs,Addons,return)</action>
	</shortcut>
	<shortcut>
		<defaultID>plugin.video.Tvchopo.Kids</defaultID>
		<label>[B][LOWERCASE][CAPITALIZE][/CAPITALIZE][COLOR red]infantil[/LOWERCASE][/B][/COLOR]</label>
		<label2>Complemento de Vídeo</label2>
		<icon>DefaultShortcut.png</icon>
		<thumb>image://C%3a%5cUsers%5cjosec%5cAppData%5cRoaming%5cKodi%5caddons%5cplugin.video.Tvchopo.Kids%5cicon.gif/</thumb>
		<action>ActivateWindow(Videos,"plugin://plugin.video.Tvchopo.Kids",return)</action>
	</shortcut>
	<shortcut>
		<defaultID />
		<label>[B][LOWERCASE][CAPITALIZE][B][LOWERCASE][CAPITALIZE][COLOR fuchsia] especial disney + [/CAPITALIZE][/LOWERCASE][/B][/COLOR]</label>
		<label2>Complemento de Vídeo</label2>
		<icon>DefaultShortcut.png</icon>
		<thumb>image://https%3a%2f%2fwww.pngitem.com%2fpimgs%2fb%2f29-291927_google-plus-png-logo.png/</thumb>
		<action>ActivateWindow(Videos,"plugin://plugin.video.Tvchopo.Kids/?url=https%3A%2F%2Ftextbin.net%2Fraw%2FK9hLfTlXHQ&amp;mode=1&amp;name=%5BB%5D%5BLOWERCASE%5D%5BCAPITALIZE%5D%5BB%5D%5BLOWERCASE%5D%5BCAPITALIZE%5D%5BCOLOR+white%5D+especial+disney+%2B+%5B%2FCAPITALIZE%5D%5B%2FLOWERCASE%5D%5B%2FB%5D%5B%2FCOLOR%5D&amp;fanart=https%3A%2F%2Fi0.wp.com%2Frevistayume.com%2Fwp-content%2Fuploads%2F2020%2F02%2FDisney_logo_hollywood_movie-1920x1080.jpg%3Ffit%3D1920%252C1080%26ssl%3B%3D1",return)</action>
	</shortcut>
	<shortcut>
		<defaultID />
		<label>[B][LOWERCASE][CAPITALIZE][B][LOWERCASE][CAPITALIZE][COLOR aqua] series INFANTILES  [/CAPITALIZE][/LOWERCASE][/B][/COLOR]</label>
		<label2>Complemento de Vídeo</label2>
		<icon>DefaultShortcut.png</icon>
		<thumb>image://https%3a%2f%2fi.imgur.com%2fRzPyH9v.jpg/</thumb>
		<action>ActivateWindow(Videos,"plugin://plugin.video.Tvchopo.Kids/?url=https%3A%2F%2Fpastebin.com%2Fraw%2FwfTwRre0&amp;mode=1&amp;name=%5BB%5D%5BLOWERCASE%5D%5BCAPITALIZE%5D%5BB%5D%5BLOWERCASE%5D%5BCAPITALIZE%5D%5BCOLOR+white%5D+series+INFANTILES++%5B%2FCAPITALIZE%5D%5B%2FLOWERCASE%5D%5B%2FB%5D%5B%2FCOLOR%5D&amp;fanart=https%3A%2F%2Fi.imgur.com%2FpUazAV4.jpg",return)</action>
	</shortcut>
	<shortcut>
		<defaultID />
		<label>[B][LOWERCASE][CAPITALIZE][COLOR yellow] ZONA DEPORTES[/COLOR][/CAPITALIZE][/LOWERCASE][/B]</label>
		<label2>Ítem Personalizado</label2>
		<icon>DefaultShortcut.png</icon>
		<thumb>image://https%3a%2f%2fi.imgur.com%2frcMWUym.png/</thumb>
		<action>ActivateWindow(Videos,"plugin://plugin.video.tvchopo/?url=https%3A%2F%2Fpastebin.com%2Fraw%2FETjaTgV5&amp;mode=1&amp;name=%5BB%5D%5BLOWERCASE%5D%5BCAPITALIZE%5D%5BCOLOR+white%5D+ZONA+DEPORTES%5B%2FCOLOR%5D%5B%2FCAPITALIZE%5D%5B%2FLOWERCASE%5D%5B%2FB%5D&amp;fanart=https%3A%2F%2Fi.imgur.com%2FUQHuTrn.png",return)</action>
	</shortcut>
	<shortcut>
		<defaultID />
		<label>[B][LOWERCASE][CAPITALIZE][COLOR lime]  DOCUMENTALES [/COLOR][/CAPITALIZE][/LOWERCASE][/B]</label>
		<label2>Complemento de Vídeo</label2>
		<icon>DefaultShortcut.png</icon>
		<thumb>image://https%3a%2f%2fi.imgur.com%2flHWRrEx.png/</thumb>
		<action>ActivateWindow(Videos,"plugin://plugin.video.tvchopo/?url=https%3A%2F%2Fpastebin.com%2Fraw%2Fmt8FCmBE&amp;mode=1&amp;name=%5BB%5D%5BLOWERCASE%5D%5BCAPITALIZE%5D%5BCOLOR+white%5D+ZONA+DOCUMENTALES+%5B%2FCOLOR%5D%5B%2FCAPITALIZE%5D%5B%2FLOWERCASE%5D%5B%2FB%5D&amp;fanart=https%3A%2F%2Fi.imgur.com%2FJzM42Yh.png",return)</action>
	</shortcut>
	<shortcut>
		<defaultID>settings</defaultID>
		<label>[B][LOWERCASE][CAPITALIZE][COLOR aqua]Sistema[/CAPITALIZE][/LOWERCASE][/B][/COLOR]</label>
		<label2>Ítem Personalizado</label2>
		<icon>special://skin/extras/icons/DefaultAddonService.png</icon>
		<thumb />
		<action>ActivateWindow(Settings)</action>
	</shortcut>
	<shortcut>
		<defaultID />
		<label>[B][LOWERCASE][CAPITALIZE][COLOR white][COLOR gold][COLOR blue][COLOR yellowgreen]Instalador de dependencias[/COLOR][/CAPITALIZE][/LOWERCASE][/B]</label>
		<label2>Programa</label2>
		<icon>DefaultShortcut.png</icon>
		<thumb>image://https%3a%2f%2fi.imgur.com%2fGhTZQZl.jpg/</thumb>
		<action>ActivateWindow(Programs,"plugin://plugin.program.instalador-chopo/?mode=addons",return)</action>
	</shortcut>
	<shortcut>
		<defaultID>playdisc</defaultID>
		<label>$SKIN[31958|skin.aeon.nox.silvo|REPRODUCIR DISCO]</label>
		<label2 />
		<icon>special://skin/extras/icons/Disc.png</icon>
		<thumb />
		<action>PlayDisc</action>
		<visible>System.HasMediaDVD</visible>
	</shortcut>
	<shortcut>
		<defaultID>favourites</defaultID>
		<label>[B][LOWERCASE][CAPITALIZE][COLOR lime]Favoritos[/CAPITALIZE][/LOWERCASE][/B][/COLOR]</label>
		<label2>Ítem Personalizado</label2>
		<icon>special://skin/extras/icons/Favorites.png</icon>
		<thumb />
		<action>ActivateWindow(Favourites)</action>
	</shortcut>
</shortcuts>
