<?xml version='1.0' encoding='UTF-8'?>
<shortcuts>
	<shortcut>
		<defaultID />
		<label>&lt;Nada&gt;</label>
		<label2>Ítem Personalizado</label2>
		<icon>DefaultShortcut.png</icon>
		<thumb />
		<action>ActivateWindow(Videos,"plugin://plugin.video.tvchopo/?url=https%3A%2F%2Fpastebin.com%2Fraw%2FPcDqNE4T%24%24LSProEncKey%3Dmenucine%24%24&amp;mode=1&amp;name=%5BB%5D%5BLOWERCASE%5D%5BCAPITALIZE%5D%5BCOLOR+white%5D+CINE+CHOPO+%5B%2FCOLOR%5D%5B%2FCAPITALIZE%5D%5B%2FLOWERCASE%5D%5B%2FB%5D&amp;fanart=https%3A%2F%2F3.bp.blogspot.com%2F-KKm_kbSVleI%2FW08IXF0SN6I%2FAAAAAAAAJQ0%2FthDXlurBbkIH2HYo4YCiKvj4iIjRZ5NWgCLcBGAs%2Fs1600%2Fpmenxfh.jpg",return)</action>
	</shortcut>
</shortcuts>
