<?xml version='1.0' encoding='UTF-8'?>
<shortcuts>
	<shortcut>
		<defaultID>plugin.video.Tvchopo.Kids</defaultID>
		<label>[B][LOWERCASE][CAPITALIZE][COLOR white]TVCHOPO[COLOR gold] KIDS[/CAPITALIZE][/LOWERCASE][/B][/COLOR]</label>
		<label2>Complemento de Vídeo</label2>
		<icon>DefaultShortcut.png</icon>
		<thumb>image://C%3a%5cUsers%5cjosec%5cAppData%5cRoaming%5cKodi%5caddons%5cplugin.video.Tvchopo.Kids%5cicon.gif/</thumb>
		<action>ActivateWindow(Videos,"plugin://plugin.video.Tvchopo.Kids",return)</action>
	</shortcut>
	<shortcut>
		<defaultID />
		<label>[B][LOWERCASE][CAPITALIZE][B][LOWERCASE][CAPITALIZE][COLOR aqua] PELICULAS INFANTILES  [/CAPITALIZE][/LOWERCASE][/B][/COLOR]</label>
		<label2>Complemento de Vídeo</label2>
		<icon>DefaultShortcut.png</icon>
		<thumb>image://https%3a%2f%2fi.imgur.com%2fvEf3z9x.jpg/</thumb>
		<action>ActivateWindow(Videos,"plugin://plugin.video.Tvchopo.Kids/?url=https%3A%2F%2Fpastebin.com%2Fraw%2Fxv2pWUPi&amp;mode=1&amp;name=%5BB%5D%5BLOWERCASE%5D%5BCAPITALIZE%5D%5BB%5D%5BLOWERCASE%5D%5BCAPITALIZE%5D%5BCOLOR+white%5D+PELICULAS+INFANTILES++%5B%2FCAPITALIZE%5D%5B%2FLOWERCASE%5D%5B%2FB%5D%5B%2FCOLOR%5D&amp;fanart=https%3A%2F%2Fi.imgur.com%2FnQCnPJS.jpg",return)</action>
	</shortcut>
	<shortcut>
		<defaultID />
		<label>[B][LOWERCASE][CAPITALIZE][B][LOWERCASE][CAPITALIZE][COLOR white] especial disney + [/CAPITALIZE][/LOWERCASE][/B][/COLOR]</label>
		<label2>Complemento de Vídeo</label2>
		<icon>DefaultShortcut.png</icon>
		<thumb>image://https%3a%2f%2fwww.pngitem.com%2fpimgs%2fb%2f29-291927_google-plus-png-logo.png/</thumb>
		<action>ActivateWindow(Videos,"plugin://plugin.video.Tvchopo.Kids/?url=https%3A%2F%2Ftextbin.net%2Fraw%2FK9hLfTlXHQ&amp;mode=1&amp;name=%5BB%5D%5BLOWERCASE%5D%5BCAPITALIZE%5D%5BB%5D%5BLOWERCASE%5D%5BCAPITALIZE%5D%5BCOLOR+white%5D+especial+disney+%2B+%5B%2FCAPITALIZE%5D%5B%2FLOWERCASE%5D%5B%2FB%5D%5B%2FCOLOR%5D&amp;fanart=https%3A%2F%2Fi0.wp.com%2Frevistayume.com%2Fwp-content%2Fuploads%2F2020%2F02%2FDisney_logo_hollywood_movie-1920x1080.jpg%3Ffit%3D1920%252C1080%26ssl%3B%3D1",return)</action>
	</shortcut>
	<shortcut>
		<defaultID />
		<label>[B][LOWERCASE][CAPITALIZE][B][LOWERCASE][CAPITALIZE][COLOR gold] series INFANTILES  [/CAPITALIZE][/LOWERCASE][/B][/COLOR]</label>
		<label2>Complemento de Vídeo</label2>
		<icon>DefaultShortcut.png</icon>
		<thumb>image://https%3a%2f%2fi.imgur.com%2fRzPyH9v.jpg/</thumb>
		<action>ActivateWindow(Videos,"plugin://plugin.video.Tvchopo.Kids/?url=https%3A%2F%2Fpastebin.com%2Fraw%2FwfTwRre0&amp;mode=1&amp;name=%5BB%5D%5BLOWERCASE%5D%5BCAPITALIZE%5D%5BB%5D%5BLOWERCASE%5D%5BCAPITALIZE%5D%5BCOLOR+white%5D+series+INFANTILES++%5B%2FCAPITALIZE%5D%5B%2FLOWERCASE%5D%5B%2FB%5D%5B%2FCOLOR%5D&amp;fanart=https%3A%2F%2Fi.imgur.com%2FpUazAV4.jpg",return)</action>
	</shortcut>
	<shortcut>
		<defaultID />
		<label>[B][LOWERCASE][CAPITALIZE][COLOR lime][COLOR lime] Feliz aprendizaje chopo[/CAPITALIZE][/LOWERCASE][/B][/COLOR]</label>
		<label2>Complemento de Vídeo</label2>
		<icon>DefaultShortcut.png</icon>
		<thumb>image://https%3a%2f%2fthumbs.dreamstime.com%2fz%2faprendizaje-feliz-40846625.jpg/</thumb>
		<action>ActivateWindow(Videos,"plugin://plugin.video.Tvchopo.Kids/?url=%24doregex%5Bmakelist2%5D&amp;mode=17&amp;regexs=%7Bu%27makelist%27%3A%20%7B%27listrepeat%27%3A%20u%27%5Cn%3Ctitle%3E%5BB%5D%5BLOWERCASE%5D%5BCAPITALIZE%5D%5BCOLOR%20lime%5D%5BCOLOR%20white%5D%5Bmakelist.param1%5D%5B/CAPITALIZE%5D%5B/LOWERCASE%5D%5B/B%5D%5B/COLOR%5D%3C/title%3E%5Cn%3Clink%3E%24doregex%5Bid3%5D%3C/link%3E%5Cn%3Cthumbnail%3Ehttps%3A//i.ytimg.com/vi/%5Bmakelist.param2%5D/hqdefault.jpg%3C/thumbnail%3E%20%5Cn%3Cfanart%3Ehttps%3A//i.ytimg.com/vi/%5Bmakelist.param2%5D/hqdefault.jpg%3C/fanart%3E%20%20%20%20%20%5Cn%27%2C%20%27expres%27%3A%20u%27data-video-title%3D%22%28.%2A%3F%29%22.%2A%3F%5C%5Cn.%2A%3F%5C%5Cn.%2A%3F%5C%5Cn.%2A%3F%5C%5Cn.%2A%3F%3Ca%20href%3D%22%5C%5C/watch%5C%5C%3Fv%3D%28.%2A%3F%29%26%27%2C%20%27cookiejar%27%3A%20%27%27%2C%20%27name%27%3A%20u%27makelist%27%2C%20%27page%27%3A%20u%27https%3A//www.youtube.com/watch%3Fv%3D%5Bmakelist2.param2%5D%26list%3D%5Bmakelist2.param3%5D%27%7D%2C%20u%27makelist2%27%3A%20%7B%27x-req%27%3A%20u%27XMLHttpRequest%27%2C%20%27name%27%3A%20u%27makelist2%27%2C%20%27listrepeat%27%3A%20u%27%5Cn%3Ctitle%3E%5BB%5D%5BLOWERCASE%5D%5BCAPITALIZE%5D%5BCOLOR%20lime%5D%5BCOLOR%20white%5D%5Bmakelist2.param1%5D%5B/CAPITALIZE%5D%5B/LOWERCASE%5D%5B/B%5D%5B/COLOR%5D%3C/title%3E%5Cn%3Clink%3E%24doregex%5Bmakelist%5D%3C/link%3E%5Cn%3Cthumbnail%3Ehttps%3A//i.ytimg.com/vi/%5Bmakelist2.param2%5D/hqdefault.jpg%3C/thumbnail%3E%20%5Cn%3Cfanart%3Ehttps%3A//i.ytimg.com/vi/%5Bmakelist2.param2%5D/hqdefault.jpg%3C/fanart%3E%20%20%20%20%20%5Cn%27%2C%20%27accept%27%3A%20u%27%2A/%2A%27%2C%20%27expres%27%3A%20u%27%22title%22%3A%7B%22runs%22%3A.%7B%22text%22%3A%22%28.%2A%3F%29%22.%2A%3Furl%22%3A%22/watch.v%3D%28.%2A%3F%29%5C%5C%5C%5C.%2A%3Flist%3D%28.%2A%3F%29%22%27%2C%20%27agent%27%3A%20u%27Mozilla/5.0%20%28Windows%20NT%2010.0%3B%20rv%3A69.0%29%20Gecko/20100101%20Firefox/69.0%27%2C%20%27page%27%3A%20u%27https%3A//www.youtube.com/channel/UCGkVdu_EVrqqxQ7OnLFK8RQ/playlists%27%7D%2C%20u%27id3%27%3A%20%7B%27expres%27%3A%20u%22%23%24pyFunction%5Cndef%20GetLSProData%28page_data%2CCookie_Jar%2Cm%29%3A%5Cn%20%20%20import%20resolveurl%5Cn%20%20%20url%20%3D%20%27https%3A//www.youtube.com/watch%3Fv%3D%5Bmakelist.param2%5D%27%5Cn%20%20%20try%3A%5Cn%20%20%20%20%20%20%20u%20%3D%20resolveurl.resolve%28url%29%5Cn%20%20%20except%3A%5Cn%20%20%20%20%20%20%20u%20%3D%20%27https%3A//www.youtube.com/watch%3Fv%3D%24doregex%5Bmakelist1%5D%27%5Cn%20%20%20return%20u%5Cn%22%2C%20%27name%27%3A%20u%27id3%27%2C%20%27page%27%3A%20None%7D%7D&amp;iconimage=https%3A%2F%2Fthumbs.dreamstime.com%2Fz%2Faprendizaje-feliz-40846625.jpg",return)</action>
	</shortcut>
	<shortcut>
		<defaultID />
		<label>[B][LOWERCASE][CAPITALIZE][B][LOWERCASE][CAPITALIZE][COLOR fuchsia] MUNDO DE LOS NIÑOS [/CAPITALIZE][/LOWERCASE][/B][/COLOR]</label>
		<label2>Complemento de Vídeo</label2>
		<icon>DefaultShortcut.png</icon>
		<thumb>image://https%3a%2f%2f2.bp.blogspot.com%2f-4jFOLEOZWAc%2fW0eU2ioZJMI%2fAAAAAAAAI0o%2fzX-_7huTWDsdGTajua0rnd6ItPAvG-8twCLcBGAs%2fs1600%2f182562_253620031443752_504984802_n.jpg/</thumb>
		<action>ActivateWindow(Videos,"plugin://plugin.video.Tvchopo.Kids/?url=%24doregex%5Bmakelist6%5D&amp;mode=17&amp;regexs=%7Bu%27makelist6%27%3A%20%7B%27listrepeat%27%3A%20u%27%5Cn%3CSetwatchMode%3E502%3C/SetwatchMode%3E%5Cn%3Ctitle%3E%5BB%5D%5BLOWERCASE%5D%5BCAPITALIZE%5D%5BB%5D%5BLOWERCASE%5D%5BCAPITALIZE%5D%5BCOLOR%20orange%5D%20%5Bmakelist6.param3%5D%5B/CAPITALIZE%5D%5B/LOWERCASE%5D%5B/B%5D%5B/COLOR%5D%3C/title%3E%5Cn%3Clink%3E%24doregex%5Btorete2%5D%3C/link%3E%5Cn%3Cthumbnail%3Ehttps%3A//2.bp.blogspot.com/-4jFOLEOZWAc/W0eU2ioZJMI/AAAAAAAAI0o/zX-_7huTWDsdGTajua0rnd6ItPAvG-8twCLcBGAs/s1600/182562_253620031443752_504984802_n.jpg%3C/thumbnail%3E%5Cn%3Cfanart%3Ehttps%3A//1.bp.blogspot.com/-I1gjNAPILg8/W0eU4FXch5I/AAAAAAAAI04/i23a2Nsx_Dsu4YDk-H5C6P1zAaR-u67jACLcBGAs/s1600/fanarinfantil.jpg%3C/fanart%3E%5Cn%27%2C%20%27expres%27%3A%20u%27nofollow%22%28%5B%5Eh%22%5D%2B%29.%2A%3Fhref%3D%22%28%5B%5E%22%5D%2B%29.%2A%3F%22%3E%28%5B%5E%3C%22%5D%2B%29.%2A%3F%27%2C%20%27name%27%3A%20u%27makelist6%27%2C%20%27page%27%3A%20u%27https%3A//www.videos-infantiles.net/%27%7D%2C%20u%27torete2%27%3A%20%7B%27listrepeat%27%3A%20u%27%5Cn%3CSetwatchMode%3E502%3C/SetwatchMode%3E%5Cn%3Ctitle%3E%5BB%5D%5BLOWERCASE%5D%5BCAPITALIZE%5D%5BB%5D%5BLOWERCASE%5D%5BCAPITALIZE%5D%5BCOLOR%20aquamarine%5D%5Btorete2.param5%5D%5B/CAPITALIZE%5D%5B/LOWERCASE%5D%5B/B%5D%5B/COLOR%5D%3C/title%3E%5Cn%20%20%3Clink%3E%24doregex%5Btorete3%5D%3C/link%3E%5Cn%3Cthumbnail%3E%5Btorete2.param4%5D%3C/thumbnail%3E%5Cn%3Cfanart%3E%5Btorete2.param4%5D%3C/fanart%3E%5Cn%27%2C%20%27expres%27%3A%20u%27%23%24pyFunction%5Cnimport%20re%2Crequests%5Cndef%20GetLSProData%28page_data%2CCookie_Jar%2Cm%29%3A%5Cn%20%20count%3D10%3Bpn%3D1%3Bdata%3D%5B%5D%5Cn%20%20while%20pn%20%3C%3D%20int%28count%29%3A%5Cn%20%20%20%20%20page%3D%5C%27%5Bmakelist6.param2%5D/page/%5C%27%2Bstr%28pn%29%2B%5C%27/%5C%27%3Bsource%3Drequests.get%28page%29.content.decode%28%5C%27ascii%5C%27%2C%5C%27ignore%5C%27%29%5Cn%20%20%20%20%20data%20%2B%3Dre.findall%28%5C%27blogPost%22%3E%28%5B%5Eh%22%5D%2B%29.%2A%3Fhref%3D%22%28%5B%5E%22%5D%2B%29.%2A%3F%22%3E%28%5B%5Es%5D%2B%29.%2A%3Fsrc%3D%22%28%5B%5E%22%5D%2B%29.%2A%3Falt%3D%22%28%5B%5E%22%5D%2B%29.%2A%3Foverlay%22%3E%28%5B%5E0%5D%2B%29.%2A%3Fsrc%3D%22%28%5B%5E%3F%22%5D%2B%29.%2A%3F%5C%27%2Csource%29%3Bpn%20%2B%3D1%5Cn%20%20return%20data%5Cn%27%2C%20%27name%27%3A%20u%27torete2%27%2C%20%27page%27%3A%20u%27%5Bmakelist6.param2%5D/page/%5Bmakelist5.param1%5D/%27%7D%2C%20u%27torete3%27%3A%20%7B%27listrepeat%27%3A%20u%27%5Cn%3CSetwatchMode%3E502%3C/SetwatchMode%3E%5Cn%3Ctitle%3E%5BB%5D%5BLOWERCASE%5D%5BCAPITALIZE%5D%5BB%5D%5BLOWERCASE%5D%5BCAPITALIZE%5D%5BCOLOR%20aquamarine%5D%5Btorete2.param5%5D%5B/COLOR%5D--%5BCOLOR%20yellow%5Dver%20aqui%5B/CAPITALIZE%5D%5B/LOWERCASE%5D%5B/B%5D%5B/COLOR%5D%3C/title%3E%5Cn%20%3Clink%3E%24doregex%5Bplayvideo%5D%3C/link%3E%5Cn%3Cthumbnail%3E%5Btorete2.param4%5D%3C/thumbnail%3E%5Cn%3Cfanart%3E%5Btorete2.param4%5D%3C/fanart%3E%5Cn%27%2C%20%27expres%27%3A%20u%27%28%3Fs%29headline%22%3E%28%5B%5E%3C%22%5D%2B%29.%2A%3Fh1%3E%28%5B%5E5%5D%2B%29.%2A%3Fsrc%3D%22%28%5B%5E%3C%22%5D%2B%29.%2A%3F%27%2C%20%27name%27%3A%20u%27torete3%27%2C%20%27page%27%3A%20u%27%5Btorete2.param2%5D%27%7D%2C%20u%27playvideo%27%3A%20%7B%27expres%27%3A%20u%22%23%24pyFunction%5Cn%20%5Cnimport%20resolveurl%5Cn%20%5Cndef%20GetLSProData%28page_data%2CCookie_Jar%2Cm%29%3A%5Cn%20%5Cn%20%20%20%20url%20%3D%20%27%5Btorete3.param3%5D%27%5Cn%20%5Cn%20%20%20%20try%3A%5Cn%20%5Cn%20%20%20%20%20%20%20%20u%20%3D%20resolveurl.resolve%28url%29%5Cn%20%5Cn%20%20%20%20except%3A%5Cn%20%5Cn%20%20%20%20%20%20%20%20u%20%3D%20%27%24doregex%5Btorete1%5D%24doregex%5Boload%5D%27%5Cn%20%5Cn%20%20%20%20return%20u%5Cn%20%5Cn%22%2C%20%27name%27%3A%20u%27playvideo%27%2C%20%27agent%27%3A%20u%27Mozilla/5.0%20%28Windows%20NT%2010.0%29%20AppleWebKit/537.36%20%28KHTML%2C%20like%20Gecko%29%20Chrome/80.0.3987.149%20Safari/537.36%27%2C%20%27page%27%3A%20None%7D%7D&amp;iconimage=https%3A%2F%2F2.bp.blogspot.com%2F-4jFOLEOZWAc%2FW0eU2ioZJMI%2FAAAAAAAAI0o%2FzX-_7huTWDsdGTajua0rnd6ItPAvG-8twCLcBGAs%2Fs1600%2F182562_253620031443752_504984802_n.jpg",return)</action>
	</shortcut>
	<shortcut>
		<defaultID />
		<label>[B][LOWERCASE][COLOR white] PEQUELANDIA [COLOR red]   ([COLOR lime]school chopo[COLOR red]) [/LOWERCASE][/B][/COLOR]</label>
		<label2>Complemento de Vídeo</label2>
		<icon>DefaultShortcut.png</icon>
		<thumb>image://https%3a%2f%2f3.bp.blogspot.com%2f-xbaKoeEfW5k%2fW0eU4I2ZkbI%2fAAAAAAAAI08%2fwvSNtlwON9wkMssp-luyGxI2QvChH0VugCLcBGAs%2fs1600%2fpequelandia.jpg/</thumb>
		<action>ActivateWindow(Videos,"plugin://plugin.video.Tvchopo.Kids/?url=https%3A%2F%2Fpastebin.com%2Fraw%2FD7tna3Wd&amp;mode=1&amp;name=%5BB%5D%5BLOWERCASE%5D%5BCOLOR+white%5D+PEQUELANDIA+%5BCOLOR+red%5D+++%28%5BCOLOR+lime%5Dschool+chopo%5BCOLOR+red%5D%29+%5B%2FLOWERCASE%5D%5B%2FB%5D%5B%2FCOLOR%5D&amp;fanart=https%3A%2F%2F1.bp.blogspot.com%2F-I1gjNAPILg8%2FW0eU4FXch5I%2FAAAAAAAAI04%2Fi23a2Nsx_Dsu4YDk-H5C6P1zAaR-u67jACLcBGAs%2Fs1600%2Ffanarinfantil.jpg",return)</action>
	</shortcut>
	<shortcut>
		<defaultID />
		<label>[B][LOWERCASE][CAPITALIZE][B][LOWERCASE][CAPITALIZE][COLOR yellow] ingles para NIÑOS [/CAPITALIZE][/LOWERCASE][/B][/COLOR]</label>
		<label2>Complemento de Vídeo</label2>
		<icon>DefaultShortcut.png</icon>
		<thumb>image://https%3a%2f%2fi.pinimg.com%2foriginals%2fbe%2f21%2f1b%2fbe211b898e068106155e540ab7fb7064.png/</thumb>
		<action>ActivateWindow(Videos,"plugin://plugin.video.Tvchopo.Kids/?url=%24doregex%5Btorete2%5D&amp;mode=17&amp;regexs=%7Bu%27torete2%27%3A%20%7B%27listrepeat%27%3A%20u%27%5Cn%3CSetwatchMode%3E502%3C/SetwatchMode%3E%5Cn%3Ctitle%3E%5BB%5D%5BLOWERCASE%5D%5BCAPITALIZE%5D%5BB%5D%5BLOWERCASE%5D%5BCAPITALIZE%5D%5BCOLOR%20aquamarine%5D%5Btorete2.param5%5D%5B/CAPITALIZE%5D%5B/LOWERCASE%5D%5B/B%5D%5B/COLOR%5D%3C/title%3E%5Cn%20%20%3Clink%3E%24doregex%5Btorete3%5D%3C/link%3E%5Cn%3Cthumbnail%3E%5Btorete2.param4%5D%3C/thumbnail%3E%5Cn%3Cfanart%3E%5Btorete2.param4%5D%3C/fanart%3E%5Cn%27%2C%20%27expres%27%3A%20u%27%23%24pyFunction%5Cnimport%20re%2Crequests%5Cndef%20GetLSProData%28page_data%2CCookie_Jar%2Cm%29%3A%5Cn%20%20count%3D4%3Bpn%3D1%3Bdata%3D%5B%5D%5Cn%20%20while%20pn%20%3C%3D%20int%28count%29%3A%5Cn%20%20%20%20%20page%3D%5C%27https%3A//videos-infantiles.net/videos-en-ingles/page/%5C%27%2Bstr%28pn%29%2B%5C%27/%5C%27%3Bsource%3Drequests.get%28page%29.content.decode%28%5C%27ascii%5C%27%2C%5C%27ignore%5C%27%29%5Cn%20%20%20%20%20data%20%2B%3Dre.findall%28%5C%27blogPost%22%3E%28%5B%5Eh%22%5D%2B%29.%2A%3Fhref%3D%22%28%5B%5E%22%5D%2B%29.%2A%3F%22%3E%28%5B%5Es%5D%2B%29.%2A%3Fsrc%3D%22%28%5B%5E%22%5D%2B%29.%2A%3Falt%3D%22%28%5B%5E%22%5D%2B%29.%2A%3Foverlay%22%3E%28%5B%5E0%5D%2B%29.%2A%3Fsrc%3D%22%28%5B%5E%3F%22%5D%2B%29.%2A%3F%5C%27%2Csource%29%3Bpn%20%2B%3D1%5Cn%20%20return%20data%5Cn%27%2C%20%27name%27%3A%20u%27torete2%27%2C%20%27page%27%3A%20u%27%5Bmakelist6.param2%5D/page/%5Bmakelist5.param1%5D/%27%7D%2C%20u%27torete3%27%3A%20%7B%27listrepeat%27%3A%20u%27%5Cn%3CSetwatchMode%3E502%3C/SetwatchMode%3E%5Cn%3Ctitle%3E%5BB%5D%5BLOWERCASE%5D%5BCAPITALIZE%5D%5BB%5D%5BLOWERCASE%5D%5BCAPITALIZE%5D%5BCOLOR%20aquamarine%5D%5Btorete2.param5%5D%5B/COLOR%5D--%5BCOLOR%20yellow%5Dver%20aqui%5B/CAPITALIZE%5D%5B/LOWERCASE%5D%5B/B%5D%5B/COLOR%5D%3C/title%3E%5Cn%20%3Clink%3E%24doregex%5Bplayvideo%5D%3C/link%3E%5Cn%3Cthumbnail%3E%5Btorete2.param4%5D%3C/thumbnail%3E%5Cn%3Cfanart%3E%5Btorete2.param4%5D%3C/fanart%3E%5Cn%27%2C%20%27expres%27%3A%20u%27%28%3Fs%29headline%22%3E%28%5B%5E%3C%22%5D%2B%29.%2A%3Fh1%3E%28%5B%5E5%5D%2B%29.%2A%3Fsrc%3D%22%28%5B%5E%3C%22%5D%2B%29.%2A%3F%27%2C%20%27name%27%3A%20u%27torete3%27%2C%20%27page%27%3A%20u%27%5Btorete2.param2%5D%27%7D%2C%20u%27playvideo%27%3A%20%7B%27expres%27%3A%20u%22%23%24pyFunction%5Cn%20%5Cnimport%20resolveurl%5Cn%20%5Cndef%20GetLSProData%28page_data%2CCookie_Jar%2Cm%29%3A%5Cn%20%5Cn%20%20%20%20url%20%3D%20%27%5Btorete3.param3%5D%27%5Cn%20%5Cn%20%20%20%20u%20%3D%20resolveurl.resolve%28url%29%5Cn%20%5Cn%20%20%20%20return%20u%5Cn%20%5Cn%22%2C%20%27name%27%3A%20u%27playvideo%27%2C%20%27agent%27%3A%20u%27Mozilla/5.0%20%28Windows%20NT%2010.0%29%20AppleWebKit/537.36%20%28KHTML%2C%20like%20Gecko%29%20Chrome/80.0.3987.149%20Safari/537.36%27%2C%20%27page%27%3A%20None%7D%7D&amp;iconimage=https%3A%2F%2Fi.pinimg.com%2Foriginals%2Fbe%2F21%2F1b%2Fbe211b898e068106155e540ab7fb7064.png",return)</action>
	</shortcut>
</shortcuts>
