<?xml version='1.0' encoding='UTF-8'?>
<shortcuts>
	<shortcut>
		<defaultID />
		<label>[B][LOWERCASE][CAPITALIZE][COLOR orange]estrenos clivert[/CAPITALIZE][/LOWERCASE][/B][/COLOR]</label>
		<label2>Complemento de Vídeo</label2>
		<icon>DefaultShortcut.png</icon>
		<thumb>image://https%3a%2f%2fwww.cliver.to%2fimg%2flogo.png/</thumb>
		<action>ActivateWindow(Videos,"plugin://plugin.video.chopocine/?action=clivert_pelis&amp;title=%5BB%5D%5BLOWERCASE%5D%5BCAPITALIZE%5D%5BCOLOR+white%5Destrenos%5B%2FCAPITALIZE%5D%5B%2FLOWERCASE%5D%5B%2FB%5D%5B%2FCOLOR%5D&amp;url=https%3A%2F%2Fwww.cliver.to%2Fpeliculas%2Festrenos%2F&amp;thumbnail=https%3A%2F%2Fwww.cliver.to%2Fimg%2Flogo.png&amp;plot=estrenos&amp;extra=&amp;page=",return)</action>
	</shortcut>
	<shortcut>
		<defaultID />
		<label>[B][LOWERCASE][CAPITALIZE][COLOR fuchsia] pelis de los 100 mejores actores y actrices de  [COLOR red]hollywood[/CAPITALIZE][/LOWERCASE][/B][/COLOR]</label>
		<label2>Complemento de Vídeo</label2>
		<icon>DefaultShortcut.png</icon>
		<thumb>image://https%3a%2f%2fst-listas.20minutos.es%2fimages%2f2010-03%2f204082%2flist_321px.jpg%3f1526203876/</thumb>
		<action>ActivateWindow(Videos,"plugin://plugin.video.chopocine/?action=actrices_actores&amp;title=%5BB%5D%5BLOWERCASE%5D%5BCAPITALIZE%5D%5BCOLOR+white%5D+pelis+de+los+100+mejores+actores+y+actrices+de++%5BCOLOR+red%5Dhollywood%5B%2FCAPITALIZE%5D%5B%2FLOWERCASE%5D%5B%2FB%5D%5B%2FCOLOR%5D&amp;url=https%3A%2F%2Flistas.20minutos.es%2Flista%2Flos-100-mejores-actores-y-actrices-de-hollywood-204082%2F&amp;thumbnail=https%3A%2F%2Fst-listas.20minutos.es%2Fimages%2F2010-03%2F204082%2Flist_321px.jpg%3F1526203876&amp;plot=&amp;extra=&amp;page=",return)</action>
	</shortcut>
	<shortcut>
		<defaultID />
		<label>[B][LOWERCASE][CAPITALIZE][COLOR white] las mejore peliculas de [COLOR red]netflix[/CAPITALIZE][/LOWERCASE][/B][/COLOR]</label>
		<label2>Complemento de Vídeo</label2>
		<icon>DefaultShortcut.png</icon>
		<thumb>image://https%3a%2f%2fwww.marketingdirecto.com%2fwp-content%2fuploads%2f2018%2f05%2fnetflix-1.jpg/</thumb>
		<action>ActivateWindow(Videos,"plugin://plugin.video.chopocine/?action=peliculas_netflix&amp;title=%5BB%5D%5BLOWERCASE%5D%5BCAPITALIZE%5D%5BCOLOR+white%5D+las+mejore+peliculas+de+%5BCOLOR+red%5Dnetflix%5B%2FCAPITALIZE%5D%5B%2FLOWERCASE%5D%5B%2FB%5D%5B%2FCOLOR%5D&amp;url=1&amp;thumbnail=https%3A%2F%2Fwww.marketingdirecto.com%2Fwp-content%2Fuploads%2F2018%2F05%2Fnetflix-1.jpg&amp;plot=&amp;extra=&amp;page=",return)</action>
	</shortcut>
	<shortcut>
		<defaultID />
		<label>[B][LOWERCASE][CAPITALIZE][COLOR lime] LAS 100 MEJORES SAGAS DE LA HISTORIA[/CAPITALIZE][/LOWERCASE][/B][/COLOR]</label>
		<label2>Complemento de Vídeo</label2>
		<icon>DefaultShortcut.png</icon>
		<thumb>image://https%3a%2f%2fst-listas.20minutos.es%2fimages%2f2013-11%2f372969%2flist_640px.jpg%3f1518602731/</thumb>
		<action>ActivateWindow(Videos,"plugin://plugin.video.chopocine/?action=cien_mejores_sagas&amp;title=%5BB%5D%5BLOWERCASE%5D%5BCAPITALIZE%5D%5BCOLOR+white%5D+LAS+100+MEJORES+SAGAS+DE+LA+HISTORIA%5B%2FCAPITALIZE%5D%5B%2FLOWERCASE%5D%5B%2FB%5D%5B%2FCOLOR%5D&amp;url=&amp;thumbnail=https%3A%2F%2Fst-listas.20minutos.es%2Fimages%2F2013-11%2F372969%2Flist_640px.jpg%3F1518602731&amp;plot=&amp;extra=&amp;page=",return)</action>
	</shortcut>
	<shortcut>
		<defaultID />
		<label>[B][LOWERCASE][CAPITALIZE][COLOR yellow]estrenos cinetux[/COLOR][/CAPITALIZE][/LOWERCASE][/B]</label>
		<label2>Complemento de Vídeo</label2>
		<icon>DefaultShortcut.png</icon>
		<thumb>image://https%3a%2f%2fmedia.tvalacarta.info%2fpelisalacarta%2fsquares%2fcinetux.png/</thumb>
		<action>ActivateWindow(Videos,"plugin://plugin.video.chopocine/?action=cinetuxpelis&amp;title=%5BB%5D%5BLOWERCASE%5D%5BCAPITALIZE%5D%5BCOLOR+yellow%5Dpeliculas+del+a%C3%B1o+2020%5B%2FCOLOR%5D%5B%2FCAPITALIZE%5D%5B%2FLOWERCASE%5D%5B%2FB%5D&amp;url=https%3A%2F%2Fwww.cinetux.to%2Fano%2F2020%2F&amp;thumbnail=https%3A%2F%2Fmedia.tvalacarta.info%2Fpelisalacarta%2Fsquares%2Fcinetux.png&amp;plot=&amp;extra=&amp;page=",return)</action>
	</shortcut>
	<shortcut>
		<defaultID />
		<label>[B][LOWERCASE][CAPITALIZE][COLOR white]el baul del cine[COLOR gold] todas[/CAPITALIZE][/LOWERCASE][/B][/COLOR]</label>
		<label2>Complemento de Vídeo</label2>
		<icon>DefaultShortcut.png</icon>
		<thumb>image://https%3a%2f%2fenfilme.com%2fimg%2fcontent%2fnewhollywoodalgarabia_Enfilme_30h24_675_489.jpg/</thumb>
		<action>ActivateWindow(Videos,"plugin://plugin.video.chopocine/?action=clasicos_del_cine&amp;title=%5BB%5D%5BLOWERCASE%5D%5BCAPITALIZE%5D%5BCOLOR+white%5Del+baul+del+cine%5BCOLOR+gold%5D+todas%5B%2FCAPITALIZE%5D%5B%2FLOWERCASE%5D%5B%2FB%5D%5B%2FCOLOR%5D&amp;url=https%3A%2F%2Fdescargacineclasico.net&amp;thumbnail=https%3A%2F%2Fenfilme.com%2Fimg%2Fcontent%2Fnewhollywoodalgarabia_Enfilme_30h24_675_489.jpg&amp;plot=&amp;extra=&amp;page=",return)</action>
	</shortcut>
	<shortcut>
		<defaultID />
		<label>[B][LOWERCASE][CAPITALIZE][COLOR aqua][COLOR aqua] tu-cine-clasico[COLOR aqua] todas[/CAPITALIZE][/LOWERCASE][/B][/COLOR]</label>
		<label2>Complemento de Vídeo</label2>
		<icon>DefaultShortcut.png</icon>
		<thumb>image://https%3a%2f%2fi.pinimg.com%2f280x280_RS%2f66%2ff2%2f68%2f66f2689af25a3bde7b7840757db1ab2f.jpg/</thumb>
		<action>ActivateWindow(Videos,"plugin://plugin.video.chopocine/?action=pelis_clasico&amp;title=%5BB%5D%5BLOWERCASE%5D%5BCAPITALIZE%5D%5BCOLOR+aqua%5D%5BCOLOR+white%5D+tu-cine-clasico%5BCOLOR+aqua%5D+todas%5B%2FCAPITALIZE%5D%5B%2FLOWERCASE%5D%5B%2FB%5D%5B%2FCOLOR%5D&amp;url=http%3A%2F%2Fwww.online.tucineclasico.es%2Fpeliculas%2F&amp;thumbnail=https%3A%2F%2Fi.pinimg.com%2F280x280_RS%2F66%2Ff2%2F68%2F66f2689af25a3bde7b7840757db1ab2f.jpg&amp;plot=&amp;extra=&amp;page=",return)</action>
	</shortcut>
</shortcuts>
