<?xml version='1.0' encoding='UTF-8'?>
<shortcuts>
	<shortcut>
		<defaultID />
		<label>[B][LOWERCASE][CAPITALIZE][COLOR white]series papaya lo nuevo hoy[/CAPITALIZE][/LOWERCASE][/B][/COLOR]</label>
		<label2>Complemento de Vídeo</label2>
		<icon>DefaultShortcut.png</icon>
		<thumb>image://http%3a%2f%2fi.imgur.com%2fP1D92cf.png/</thumb>
		<action>ActivateWindow(Videos,"plugin://plugin.video.choposeries/?action=series_papaya_novedades&amp;title=%5BB%5D%5BLOWERCASE%5D%5BCAPITALIZE%5D%5BCOLOR+white%5Dseries+papaya+lo+nuevo+hoy%5B%2FCAPITALIZE%5D%5B%2FLOWERCASE%5D%5B%2FB%5D%5B%2FCOLOR%5D&amp;url=https%3A%2F%2Fwww2.seriespapaya.nu&amp;thumbnail=http%3A%2F%2Fi.imgur.com%2FP1D92cf.png&amp;plot=&amp;extra=&amp;page=",return)</action>
	</shortcut>
	<shortcut>
		<defaultID />
		<label>[B][LOWERCASE][CAPITALIZE][COLOR orange]mundoseries todas [/CAPITALIZE][/LOWERCASE][/B][/COLOR]</label>
		<label2>Complemento de Vídeo</label2>
		<icon>DefaultShortcut.png</icon>
		<thumb>image://https%3a%2f%2fi.imgur.com%2fDu21mll.jpg/</thumb>
		<action>ActivateWindow(Videos,"plugin://plugin.video.choposeries/?action=mundoseries_series&amp;title=%5BB%5D%5BLOWERCASE%5D%5BCAPITALIZE%5D%5BCOLOR+white%5Dmundoseries+todas+%5B%2FCAPITALIZE%5D%5B%2FLOWERCASE%5D%5B%2FB%5D%5B%2FCOLOR%5D&amp;url=https%3A%2F%2Fwww.series24.me%2Fver-serie-completa%2F&amp;thumbnail=https%3A%2F%2Fi.imgur.com%2FDu21mll.jpg&amp;plot=&amp;extra=&amp;page=",return)</action>
	</shortcut>
	<shortcut>
		<defaultID />
		<label>[B][LOWERCASE][CAPITALIZE][COLOR aqua]series papaya por letras[/CAPITALIZE][/LOWERCASE][/B][/COLOR]</label>
		<label2>Complemento de Vídeo</label2>
		<icon>DefaultShortcut.png</icon>
		<thumb>image://http%3a%2f%2fi.imgur.com%2fP1D92cf.png/</thumb>
		<action>ActivateWindow(Videos,"plugin://plugin.video.choposeries/?action=letras_papaya&amp;title=%5BB%5D%5BLOWERCASE%5D%5BCAPITALIZE%5D%5BCOLOR+white%5Dseries+papaya+por+letras%5B%2FCAPITALIZE%5D%5B%2FLOWERCASE%5D%5B%2FB%5D%5B%2FCOLOR%5D&amp;url=&amp;thumbnail=http%3A%2F%2Fi.imgur.com%2FP1D92cf.png&amp;plot=&amp;extra=&amp;page=",return)</action>
	</shortcut>
	<shortcut>
		<defaultID />
		<label>[B][LOWERCASE][CAPITALIZE][/CAPITALIZE][COLOR gold]atresplayer series[/LOWERCASE][/B][/COLOR]</label>
		<label2>Complemento de Vídeo</label2>
		<icon>DefaultShortcut.png</icon>
		<thumb>image://https%3a%2f%2fi0.wp.com%2fwww.audiovisual451.com%2fwp-content%2fuploads%2fAtresplayer.jpeg%3ffit%3d300%252C236%26ssl%3b%3d1/</thumb>
		<action>ActivateWindow(Videos,"plugin://plugin.video.atresplayerchopo/?url=%24doregex%5Bmakelist7%5D&amp;mode=17&amp;regexs=%7Bu%27makelist4%27%3A%20%7B%27expres%27%3A%20u%22%23%24pyFunction%5Cndef%20GetLSProData%28page_data%2CCookie_Jar%2Cm%29%3A%5Cn%20%20%20%20import%20re%2C%20requests%2C%20resolveurl%2C%20xbmc%5Cn%20%20%20%20url2%20%3D%20%27https%3A//eljaviero.com/descargarvideosdelatele/index.php%27%5Cn%20%20%20%20headers%20%3D%20%7B%27User-Agent%27%3A%20%27Mozilla/5.0%20%28Windows%20NT%2010.0%3B%20rv%3A73.0%29%20Gecko/20100101%20Firefox/73.0%27%2C%20%27Referer%27%3A%20%27https%3A//eljaviero.com/descargarvideosdelatele/%27%2C%20%27Accept%27%20%3A%20%27%2A/%2A%27%2C%20%27Accept-Language%27%20%3A%20%27es-ES%2Ces%3Bq%3D0.8%2Cen-US%3Bq%3D0.5%2Cen%3Bq%3D0.3%27%2C%20%27Content-Type%27%20%3A%20%27application/x-www-form-urlencoded%3B%20charset%3DUTF-8%27%2C%20%27X-Requested-With%27%20%3A%20%27XMLHttpRequest%27%7D%5Cn%20%20%20%20payload%20%3D%20%7B%27url_noticia%27%3A%27https%3A//www.atresplayer.com/%24doregex%5Btitulo1%5D%27%2C%20%27submit_enviar_url%27%3A%27ok%27%2C%20%27current_url%27%3A%27https%3A//eljaviero.com/descargarvideosdelatele/%27%7D%20%20%20%20%5Cn%20%20%20%20logueo%20%3D%20requests.post%28url2%2C%20headers%3Dheaders%2C%20data%3Dpayload%29%5Cn%20%20%20%20r%20%3D%20logueo.text%5Cn%20%20%20%20link%20%3D%20re.findall%28%27manifest_url.%2A%3Furl%3D.http%3A....%28.%2A%3Ff4m%29%27%2C%20r%29%5B0%5D%5Cn%20%20%20%20link2%20%3D%20link.replace%28%27%5C%5C%5C%5C%27%2C%27%27%29%5Cn%20%20%20%20primero%20%3D%20%27name%3D%5BB%5D%5BLOWERCASE%5D%5BCAPITALIZE%5D%5BCOLOR%20white%5Datresplayer-tvchopo%5B/CAPITALIZE%5D%5B/LOWERCASE%5D%5B/B%5D%5B/COLOR%5D%26url%3Dhttp%3A//%27%2Blink2%5Cn%20%20%20%20return%20primero%20%20%20%20%5Cn%22%2C%20%27name%27%3A%20u%27makelist4%27%2C%20%27agent%27%3A%20None%2C%20%27page%27%3A%20None%7D%2C%20u%27makelist7%27%3A%20%7B%27listrepeat%27%3A%20u%27%5Cn%20%20%3Ctitle%3E%5BB%5D%5BLOWERCASE%5D%5BCAPITALIZE%5D%5B/CAPITALIZE%5D%5BCOLOR%20white%5D%5Bmakelist7.param1%5D%5B/LOWERCASE%5D%5B/B%5D%5B/COLOR%5D%3C/title%3E%5Cn%3Cthumbnail%3E%5Bmakelist7.param2%5D%3C/thumbnail%3E%5Cn%3Cfanart%3E%5Bmakelist7.param2%5D%3C/fanart%3E%5Cn%3Clink%3E%24doregex%5Bmakelist6%5D%3C/link%3E%5Cn%27%2C%20%27expres%27%3A%20u%27%23%24pyFunction%5Cnimport%20re%2Crequests%5Cndef%20GetLSProData%28page_data%2CCookie_Jar%2Cm%29%3A%5Cn%20%20count%3D17%3Bpn%3D1%3Bdata%3D%5B%5D%5Cn%20%20while%20pn%20%3C%3D%20int%28count%29%3A%5Cn%20%20%20%20%20page%3D%5C%27https%3A//api.atresplayer.com/client/v1/row/search%3FentityType%3DATPFormat%26sectionCategory%3Dtrue%26mainChannelId%3D5a6b32667ed1a834493ec03b%26categoryId%3D5a6a1b22986b281d18a512b8%26sortType%3DAZ%26size%3D8%26page%3D%5C%27%2Bstr%28pn%29%2B%5C%27%5C%27%3Bsource%3Drequests.get%28page%29.content.decode%28%5C%27ascii%5C%27%2C%5C%27ignore%5C%27%29%5Cn%20%20%20%20%20data%20%2B%3Dre.findall%28%5C%27%7B%22title%22%3A%22%28.%2A%3F%29%22.%2A%3FpathHorizontal%22%3A%22%28.%2A%3F%29%22.%2A%3Furl%22%3A%22%28.%2A%3F%29%22%5C%27%2Csource%29%3Bpn%20%2B%3D1%5Cn%20%20return%20data%27%2C%20%27cookiejar%27%3A%20%27%27%2C%20%27name%27%3A%20u%27makelist7%27%2C%20%27page%27%3A%20None%7D%2C%20u%27makelist6%27%3A%20%7B%27listrepeat%27%3A%20u%27%5Cn%20%20%3Ctitle%3E%5BB%5D%5BLOWERCASE%5D%5BCAPITALIZE%5D%5B/CAPITALIZE%5D%5BCOLOR%20white%5D%5Bmakelist6.param1%5D%5B/LOWERCASE%5D%5B/B%5D%5B/COLOR%5D%3C/title%3E%5Cn%3Cthumbnail%3E%5Bmakelist7.param2%5D%3C/thumbnail%3E%5Cn%3Cfanart%3E%5Bmakelist7.param2%5D%3C/fanart%3E%5Cn%3Clink%3E%24doregex%5Bmakelist5%5D%3C/link%3E%5Cn%27%2C%20%27expres%27%3A%20u%27TVSeason%22%2C%22name%22%3A%22%28.%2A%3F%29%22.%2A%3F%22url%22%3A%22https%3A.u002F.%28.%2A%3F%29%22%27%2C%20%27cookiejar%27%3A%20%27%27%2C%20%27name%27%3A%20u%27makelist6%27%2C%20%27page%27%3A%20u%27https%3A//www.atresplayer.com%5Bmakelist7.param3%5D%27%7D%2C%20u%27makelist5%27%3A%20%7B%27listrepeat%27%3A%20u%27%5Cn%20%20%3Ctitle%3E%5BB%5D%5BLOWERCASE%5D%5BCAPITALIZE%5D%5B/CAPITALIZE%5D%5BCOLOR%20white%5D%5Bmakelist5.param1%5D%20%5B/LOWERCASE%5D%5B/B%5D%5B/COLOR%5D%3C/title%3E%5Cn%3Cthumbnail%3E%5Bmakelist7.param2%5D%3C/thumbnail%3E%5Cn%3Cfanart%3E%5Bmakelist7.param2%5D%3C/fanart%3E%5Cn%3Clink%3Eplugin%3A//plugin.video.f4mTester/%3F%24doregex%5Bmakelist4%5D%3C/link%3E%5Cn%27%2C%20%27expres%27%3A%20u%27type%22%3A%22Episode%22%2C%22name%22%3A%22%28.%2A%3F%29%22%2C%22url%22%3A%22https%3A.u002F.u002Fwww.atresplayer.com.u002F%28.%2A%3F%29%22%27%2C%20%27cookiejar%27%3A%20%27%27%2C%20%27name%27%3A%20u%27makelist5%27%2C%20%27page%27%3A%20u%27https%3A//%24doregex%5Btitulo12%5D%27%7D%2C%20u%27titulo1%27%3A%20%7B%27expres%27%3A%20u%22%24pyFunction%3A%28%27%5Bmakelist5.param2%5D%27%29.replace%28%27u002F%27%2C%27%27%29.replace%28%27%5C%5C%5C%5C%27%2C%27/%27%29%22%2C%20%27name%27%3A%20u%27titulo1%27%2C%20%27page%27%3A%20None%7D%2C%20u%27titulo12%27%3A%20%7B%27expres%27%3A%20u%22%24pyFunction%3A%28%27%5Bmakelist6.param2%5D%27%29.replace%28%27u002F%27%2C%27%27%29.replace%28%27%5C%5C%5C%5C%27%2C%27/%27%29%22%2C%20%27name%27%3A%20u%27titulo12%27%2C%20%27page%27%3A%20None%7D%7D&amp;iconimage=https%3A%2F%2Fi0.wp.com%2Fwww.audiovisual451.com%2Fwp-content%2Fuploads%2FAtresplayer.jpeg%3Ffit%3D300%252C236%26ssl%3B%3D1",return)</action>
	</shortcut>
	<shortcut>
		<defaultID />
		<label>[B][LOWERCASE][CAPITALIZE][COLOR red]mitele series[/CAPITALIZE][/LOWERCASE][/B][/COLOR]</label>
		<label2>Complemento de Vídeo</label2>
		<icon>DefaultShortcut.png</icon>
		<thumb>image://https%3a%2f%2falbum.mediaset.es%2f%2fparrillas%2f2019%2f10%2f04%2fe3ceb5881a0a1fdaad01296d7554868d1570194115.jpg/</thumb>
		<action>ActivateWindow(Videos,"plugin://plugin.video.mitelechopo/?action=serie_mitele&amp;title=%5BB%5D%5BLOWERCASE%5D%5BCAPITALIZE%5D%5BCOLOR+white%5Dseries%5B%2FCAPITALIZE%5D%5B%2FLOWERCASE%5D%5B%2FB%5D%5B%2FCOLOR%5D&amp;url=https%3A%2F%2Fmab.mediaset.es%2F1.0.0%2Fget%3Foid%3Dbitban%26eid%3D%252FautomaticIndex%252Fmtweb%253Furl%253Dwww%25252Emitele%25252Ees%25252Fseries%25252Donline%25252F%2526page%253D&amp;thumbnail=https%3A%2F%2Falbum.mediaset.es%2F%2Fparrillas%2F2019%2F10%2F04%2Fe3ceb5881a0a1fdaad01296d7554868d1570194115.jpg&amp;plot=1&amp;extra=&amp;page=",return)</action>
	</shortcut>
	<shortcut>
		<defaultID />
		<label>[B][LOWERCASE][CAPITALIZE][COLOR white]series de [COLOR lime]([COLOR aqua]netflix,movistar,hbo,amazon,a3 player[COLOR lime])[/CAPITALIZE][/LOWERCASE][/B][/COLOR]</label>
		<label2>Complemento de Vídeo</label2>
		<icon>DefaultShortcut.png</icon>
		<thumb>image://https%3a%2f%2fcronicaglobal.elespanol.com%2fuploads%2fs1%2f67%2f38%2f06%2f3%2fseries-streaming.jpeg/</thumb>
		<action>ActivateWindow(Videos,"plugin://plugin.video.choposeries/?action=series_netflix&amp;title=%5BB%5D%5BLOWERCASE%5D%5BCAPITALIZE%5D%5BCOLOR+white%5Dseries+de+%5BCOLOR+lime%5D%28%5BCOLOR+aqua%5Dnetflix%2Cmovistar%2Chbo%2Camazon%2Ca3+player%5BCOLOR+lime%5D%29%5B%2FCAPITALIZE%5D%5B%2FLOWERCASE%5D%5B%2FB%5D%5B%2FCOLOR%5D&amp;url=&amp;thumbnail=https%3A%2F%2Fcronicaglobal.elespanol.com%2Fuploads%2Fs1%2F67%2F38%2F06%2F3%2Fseries-streaming.jpeg&amp;plot=&amp;extra=&amp;page=",return)</action>
	</shortcut>
</shortcuts>
