<?xml version='1.0' encoding='UTF-8'?>
<shortcuts>
	<shortcut>
		<defaultID />
		<label>[B][LOWERCASE][CAPITALIZE][COLOR white]series papaya lo nuevo hoy[/CAPITALIZE][/LOWERCASE][/B][/COLOR]</label>
		<label2>Complemento de Vídeo</label2>
		<icon>DefaultShortcut.png</icon>
		<thumb>image://http%3a%2f%2fi.imgur.com%2fP1D92cf.png/</thumb>
		<action>ActivateWindow(Videos,"plugin://plugin.video.choposeries/?action=series_papaya_novedades&amp;title=%5BB%5D%5BLOWERCASE%5D%5BCAPITALIZE%5D%5BCOLOR+white%5Dseries+papaya+lo+nuevo+hoy%5B%2FCAPITALIZE%5D%5B%2FLOWERCASE%5D%5B%2FB%5D%5B%2FCOLOR%5D&amp;url=https%3A%2F%2Fwww2.seriespapaya.nu&amp;thumbnail=http%3A%2F%2Fi.imgur.com%2FP1D92cf.png&amp;plot=&amp;extra=&amp;page=",return)</action>
	</shortcut>
	<shortcut>
		<defaultID />
		<label>[B][LOWERCASE][CAPITALIZE][COLOR white]mundoseries ultimos capitulos [/CAPITALIZE][/LOWERCASE][/B][/COLOR]</label>
		<label2>Complemento de Vídeo</label2>
		<icon>DefaultShortcut.png</icon>
		<thumb>image://https%3a%2f%2fi.imgur.com%2fDu21mll.jpg/</thumb>
		<action>ActivateWindow(Videos,"plugin://plugin.video.choposeries/?action=mundoseries_ultimoscapis&amp;title=%5BB%5D%5BLOWERCASE%5D%5BCAPITALIZE%5D%5BCOLOR+white%5Dmundoseries+ultimos+capitulos+%5B%2FCAPITALIZE%5D%5B%2FLOWERCASE%5D%5B%2FB%5D%5B%2FCOLOR%5D&amp;url=https%3A%2F%2Fwww.series24.me%2Fver-serie-online%2F&amp;thumbnail=https%3A%2F%2Fi.imgur.com%2FDu21mll.jpg&amp;plot=&amp;extra=&amp;page=",return)</action>
	</shortcut>
	<shortcut>
		<defaultID />
		<label>[B][LOWERCASE][CAPITALIZE][COLOR white]super retros spain [/CAPITALIZE][/LOWERCASE][/B][/COLOR]</label>
		<label2>Complemento de Vídeo</label2>
		<icon>DefaultShortcut.png</icon>
		<thumb>image://https%3a%2f%2fimages-na.ssl-images-amazon.com%2fimages%2fI%2f516rC6urOwL.png/</thumb>
		<action>ActivateWindow(Videos,"plugin://plugin.video.choposeries/?action=series_tve_series_retro&amp;title=%5BB%5D%5BLOWERCASE%5D%5BCAPITALIZE%5D%5BCOLOR+white%5Dsuper+retros+spain+%5B%2FCAPITALIZE%5D%5B%2FLOWERCASE%5D%5B%2FB%5D%5B%2FCOLOR%5D&amp;url=https%3A%2F%2Fwww.rtve.es%2Falacarta%2Fprogramas%2Ftve%2Farchivo%2F1%2F%3FpageSize%3D15%26order%3D1%26criteria%3Dasc%26emissionFilter%3Dall&amp;thumbnail=https%3A%2F%2Fimages-na.ssl-images-amazon.com%2Fimages%2FI%2F516rC6urOwL.png&amp;plot=&amp;extra=&amp;page=",return)</action>
	</shortcut>
	<shortcut>
		<defaultID />
		<label>[B][LOWERCASE][CAPITALIZE][COLOR white]retrotv series  todas[/CAPITALIZE][/LOWERCASE][/B][/COLOR]</label>
		<label2>Complemento de Vídeo</label2>
		<icon>DefaultShortcut.png</icon>
		<thumb>image://https%3a%2f%2fi.imgur.com%2fhkMvrC4.jpg/</thumb>
		<action>ActivateWindow(Videos,"plugin://plugin.video.choposeries/?action=retrotv_series&amp;title=%5BB%5D%5BLOWERCASE%5D%5BCAPITALIZE%5D%5BCOLOR+white%5Dretrotv+series++todas%5B%2FCAPITALIZE%5D%5B%2FLOWERCASE%5D%5B%2FB%5D%5B%2FCOLOR%5D&amp;url=https%3A%2F%2Fretroseriestv.com%2Fseriestv%2F&amp;thumbnail=https%3A%2F%2Fi.imgur.com%2FhkMvrC4.jpg&amp;plot=&amp;extra=&amp;page=",return)</action>
	</shortcut>
	<shortcut>
		<defaultID />
		<label>[B][LOWERCASE][CAPITALIZE][COLOR white]series de [COLOR lime]([COLOR aqua]netflix,movistar,hbo,amazon,a3 player[COLOR lime])[/CAPITALIZE][/LOWERCASE][/B][/COLOR]</label>
		<label2>Complemento de Vídeo</label2>
		<icon>DefaultShortcut.png</icon>
		<thumb>image://https%3a%2f%2fcronicaglobal.elespanol.com%2fuploads%2fs1%2f67%2f38%2f06%2f3%2fseries-streaming.jpeg/</thumb>
		<action>ActivateWindow(Videos,"plugin://plugin.video.choposeries/?action=series_netflix&amp;title=%5BB%5D%5BLOWERCASE%5D%5BCAPITALIZE%5D%5BCOLOR+white%5Dseries+de+%5BCOLOR+lime%5D%28%5BCOLOR+aqua%5Dnetflix%2Cmovistar%2Chbo%2Camazon%2Ca3+player%5BCOLOR+lime%5D%29%5B%2FCAPITALIZE%5D%5B%2FLOWERCASE%5D%5B%2FB%5D%5B%2FCOLOR%5D&amp;url=&amp;thumbnail=https%3A%2F%2Fcronicaglobal.elespanol.com%2Fuploads%2Fs1%2F67%2F38%2F06%2F3%2Fseries-streaming.jpeg&amp;plot=&amp;extra=&amp;page=",return)</action>
	</shortcut>
</shortcuts>
